CREATE DATABASE  IF NOT EXISTS `freshdirect` /*!40100 DEFAULT CHARACTER SET utf8 */;
USE `freshdirect`;
-- MySQL dump 10.13  Distrib 5.7.13, for linux-glibc2.5 (x86_64)
--
-- Host: localhost    Database: freshdirect
-- ------------------------------------------------------
-- Server version	5.7.17

/*!40101 SET @OLD_CHARACTER_SET_CLIENT=@@CHARACTER_SET_CLIENT */;
/*!40101 SET @OLD_CHARACTER_SET_RESULTS=@@CHARACTER_SET_RESULTS */;
/*!40101 SET @OLD_COLLATION_CONNECTION=@@COLLATION_CONNECTION */;
/*!40101 SET NAMES utf8 */;
/*!40103 SET @OLD_TIME_ZONE=@@TIME_ZONE */;
/*!40103 SET TIME_ZONE='+00:00' */;
/*!40014 SET @OLD_UNIQUE_CHECKS=@@UNIQUE_CHECKS, UNIQUE_CHECKS=0 */;
/*!40014 SET @OLD_FOREIGN_KEY_CHECKS=@@FOREIGN_KEY_CHECKS, FOREIGN_KEY_CHECKS=0 */;
/*!40101 SET @OLD_SQL_MODE=@@SQL_MODE, SQL_MODE='NO_AUTO_VALUE_ON_ZERO' */;
/*!40111 SET @OLD_SQL_NOTES=@@SQL_NOTES, SQL_NOTES=0 */;

--
-- Table structure for table `cart`
--

DROP TABLE IF EXISTS `cart`;
/*!40101 SET @saved_cs_client     = @@character_set_client */;
/*!40101 SET character_set_client = utf8 */;
CREATE TABLE `cart` (
  `customer_id` varchar(45) NOT NULL,
  `product_name` varchar(45) NOT NULL,
  `delivery_name` varchar(45) NOT NULL,
  `district_id` int(11) NOT NULL,
  `price` float DEFAULT NULL,
  `quantity` int(11) DEFAULT NULL,
  `total` int(11) DEFAULT NULL,
  PRIMARY KEY (`customer_id`,`product_name`,`delivery_name`,`district_id`),
  KEY `product_name_ct_idx` (`product_name`),
  KEY `delivery_name_ct_idx` (`delivery_name`),
  KEY `district_id_idx` (`district_id`),
  CONSTRAINT `delivery_name_ct` FOREIGN KEY (`delivery_name`) REFERENCES `delivery` (`delivery_name`),
  CONSTRAINT `district_id` FOREIGN KEY (`district_id`) REFERENCES `repository` (`district_id`),
  CONSTRAINT `product_name_ct` FOREIGN KEY (`product_name`) REFERENCES `product` (`product_name`)
) ENGINE=InnoDB DEFAULT CHARSET=utf8;
/*!40101 SET character_set_client = @saved_cs_client */;

--
-- Dumping data for table `cart`
--

LOCK TABLES `cart` WRITE;
/*!40000 ALTER TABLE `cart` DISABLE KEYS */;
INSERT INTO `cart` VALUES ('admin','人参果','北京朝林自提点',100010,0.6,1,1),('c5','夏威夷果','北京交通大学站',100010,10,1,10),('c5','李','北京交通大学站',100010,16.5,1,17),('c5','杏','宋家庄站',102200,14.5,1,15),('c5','柚子','北京交通大学站',100010,12,1,12),('c5','柠檬','宋家庄站',102200,4.6,1,5),('c5','桃子','北京交通大学站',100010,14.3,1,14),('c5','樱桃','北京交通大学站',100010,9.9,1,10),('c5','橘子','宋家庄站',102200,4.6,1,5),('c5','芒果','宋家庄站',102200,4.1,1,4),('c5','西瓜','北京交通大学站',100010,1.8,3,5),('c5','金桔','北京交通大学站',100010,0.2,1,0),('c5','龙眼','北京交通大学站',100010,15.5,2,31),('c6','榴莲','宣武站',100071,14.3,2,29),('c6','石榴','宣武站',100071,1.8,1,2),('c6','苹果','宣武站',100071,8.5,1,9),('c6','草莓','宣武站',100071,16.2,1,16),('c6','龙眼','宣武站',100071,9.6,4,38),('c7','枇杷','西八里庄站',102400,12,4,48),('c7','柑橘','西八里庄站',102400,12,1,12),('c7','槟榔','西八里庄站',102400,0.2,4,1),('c7','橘子','西八里庄站',102400,17.7,3,53),('c8','桃子','马连道站',101100,11.1,1,11),('c8','榛子','北京润泽站',101100,0.2,2,0),('c8','槟榔','马连道站',101100,9.9,4,40),('c8','芒果','马连道站',101100,11.1,2,22),('c8','草莓','马连道站',101100,9.6,8,77),('dzq','哈密瓜','北辰自提点',100010,17.3,4,69),('visitor','夏威夷果','北京阜通站',100080,13.8,1,14);
/*!40000 ALTER TABLE `cart` ENABLE KEYS */;
UNLOCK TABLES;
/*!50003 SET @saved_cs_client      = @@character_set_client */ ;
/*!50003 SET @saved_cs_results     = @@character_set_results */ ;
/*!50003 SET @saved_col_connection = @@collation_connection */ ;
/*!50003 SET character_set_client  = utf8 */ ;
/*!50003 SET character_set_results = utf8 */ ;
/*!50003 SET collation_connection  = utf8_general_ci */ ;
/*!50003 SET @saved_sql_mode       = @@sql_mode */ ;
/*!50003 SET sql_mode              = 'ONLY_FULL_GROUP_BY,STRICT_TRANS_TABLES,NO_ZERO_IN_DATE,NO_ZERO_DATE,ERROR_FOR_DIVISION_BY_ZERO,NO_AUTO_CREATE_USER,NO_ENGINE_SUBSTITUTION' */ ;
DELIMITER ;;
/*!50003 CREATE*/ /*!50017 DEFINER=`root`@`localhost`*/ /*!50003 TRIGGER add_recommend AFTER INSERT ON cart
FOR EACH ROW
BEGIN
	DECLARE total_cart FLOAT;
	SET total_cart= (SELECT SUM(total) from cart where customer_id=NEW.customer_id);
    IF total_cart-NEW.total<100 AND total_cart>=100 THEN
		INSERT INTO recommend value(NEW.customer_id);
	END IF;
END */;;
DELIMITER ;
/*!50003 SET sql_mode              = @saved_sql_mode */ ;
/*!50003 SET character_set_client  = @saved_cs_client */ ;
/*!50003 SET character_set_results = @saved_cs_results */ ;
/*!50003 SET collation_connection  = @saved_col_connection */ ;
/*!50003 SET @saved_cs_client      = @@character_set_client */ ;
/*!50003 SET @saved_cs_results     = @@character_set_results */ ;
/*!50003 SET @saved_col_connection = @@collation_connection */ ;
/*!50003 SET character_set_client  = utf8 */ ;
/*!50003 SET character_set_results = utf8 */ ;
/*!50003 SET collation_connection  = utf8_general_ci */ ;
/*!50003 SET @saved_sql_mode       = @@sql_mode */ ;
/*!50003 SET sql_mode              = 'ONLY_FULL_GROUP_BY,STRICT_TRANS_TABLES,NO_ZERO_IN_DATE,NO_ZERO_DATE,ERROR_FOR_DIVISION_BY_ZERO,NO_AUTO_CREATE_USER,NO_ENGINE_SUBSTITUTION' */ ;
DELIMITER ;;
/*!50003 CREATE*/ /*!50017 DEFINER=`root`@`localhost`*/ /*!50003 TRIGGER remove_recommend AFTER DELETE ON cart
FOR EACH ROW
BEGIN
	DECLARE total_cart FLOAT;
	SET total_cart= (SELECT SUM(total) from cart where customer_id=OLD.customer_id);
    IF total_cart+OLD.total>=100 AND total_cart<100 THEN
		DELETE FROM recommend WHERE customer_id=OLD.customer_id;
	END IF;
END */;;
DELIMITER ;
/*!50003 SET sql_mode              = @saved_sql_mode */ ;
/*!50003 SET character_set_client  = @saved_cs_client */ ;
/*!50003 SET character_set_results = @saved_cs_results */ ;
/*!50003 SET collation_connection  = @saved_col_connection */ ;

--
-- Table structure for table `customer`
--

DROP TABLE IF EXISTS `customer`;
/*!40101 SET @saved_cs_client     = @@character_set_client */;
/*!40101 SET character_set_client = utf8 */;
CREATE TABLE `customer` (
  `customer_id` varchar(45) NOT NULL,
  `nickname` varchar(45) DEFAULT NULL,
  `contact` varchar(45) DEFAULT NULL,
  `sex` char(1) DEFAULT NULL,
  PRIMARY KEY (`customer_id`)
) ENGINE=InnoDB DEFAULT CHARSET=utf8;
/*!40101 SET character_set_client = @saved_cs_client */;

--
-- Dumping data for table `customer`
--

LOCK TABLES `customer` WRITE;
/*!40000 ALTER TABLE `customer` DISABLE KEYS */;
INSERT INTO `customer` VALUES ('c1',NULL,NULL,'男'),('c2',NULL,NULL,'男'),('c3',NULL,NULL,'男'),('c4',NULL,NULL,'男'),('c5',NULL,NULL,'男'),('c6',NULL,NULL,'男'),('c7',NULL,NULL,'男'),('c8',NULL,NULL,'男'),('dbs','1','110','女'),('dbs2','dbs2','dbs2','女'),('ls','ls','110','男'),('test','tt','110','女'),('test2',NULL,NULL,'男'),('严育然',NULL,'13236000668','m'),('云业抱',NULL,'13685430593','f'),('元绝',NULL,'15018888400','m'),('吴医永',NULL,'13278825250','f'),('唐房个',NULL,'18838791310','m'),('喻破玩',NULL,'13592308209','m'),('堪喜',NULL,'13843196363','f'),('奚易山',NULL,'13174817743','m'),('孟鲜',NULL,'13009878142','f'),('廉预资',NULL,'13438870623','f'),('彭感',NULL,'13482489416','m'),('曹觉',NULL,'18813668875','f'),('梁脸含',NULL,'15702387604','f'),('殷街',NULL,'13527965127','f'),('毕尼意',NULL,'18769442214','m'),('毕强',NULL,'13458801263','m'),('秦后约',NULL,'13055467553','m'),('章坐',NULL,'13524371598','m'),('臧授',NULL,'13836530092','m'),('苏元头',NULL,'15605047685','m'),('范山雷',NULL,'18639014916','f'),('萧惊传',NULL,'13978941230','f'),('蒋钱识',NULL,'14763064258','m'),('褚教',NULL,'13343678058','f'),('计助胡',NULL,'15779204619','m'),('许地',NULL,'13493228689','f'),('费亚',NULL,'18840774029','m'),('顾家远','gujiayuan','18121357993','男'),('鲍娘',NULL,'13186596102','m'),('﻿尤入欧',NULL,'15130559799','f');
/*!40000 ALTER TABLE `customer` ENABLE KEYS */;
UNLOCK TABLES;

--
-- Table structure for table `delivery`
--

DROP TABLE IF EXISTS `delivery`;
/*!40101 SET @saved_cs_client     = @@character_set_client */;
/*!40101 SET character_set_client = utf8 */;
CREATE TABLE `delivery` (
  `delivery_name` varchar(45) NOT NULL,
  `district_id` int(11) NOT NULL,
  `address` varchar(45) DEFAULT NULL,
  `contact` varchar(45) DEFAULT NULL,
  `rate` int(11) DEFAULT NULL,
  `open_time` time DEFAULT NULL,
  `close_time` time DEFAULT NULL,
  PRIMARY KEY (`delivery_name`,`district_id`),
  KEY `district_id_idx` (`district_id`)
) ENGINE=InnoDB DEFAULT CHARSET=utf8;
/*!40101 SET character_set_client = @saved_cs_client */;

--
-- Dumping data for table `delivery`
--

LOCK TABLES `delivery` WRITE;
/*!40000 ALTER TABLE `delivery` DISABLE KEYS */;
INSERT INTO `delivery` VALUES ('三路居站',102400,'梨园','15723867100',3,'06:30:00','22:30:00'),('上庄站',102600,'中关村自提点','13309960833',2,'06:30:00','23:00:00'),('东坝站',100043,'北京保安庄','15571715479',4,'07:30:00','22:00:00'),('东大桥站',100043,'北京长丰园','15951510263',3,'06:30:00','23:00:00'),('云岗站',100071,'京东集团自提点','13703650589',2,'08:00:00','23:00:00'),('亦庄站',100032,'北京邢各庄','15877430334',3,'06:30:00','24:00:00'),('京东集团自提点',102600,'三路居','18604464170',2,'06:30:00','22:30:00'),('八大处站',100071,'北京通惠家园','15254616504',3,'06:30:00','23:30:00'),('六郎庄站',100080,'云岗','15386507505',2,'06:00:00','23:00:00'),('六里桥站',100020,'北京常乐','13203740415',4,'08:00:00','22:00:00'),('北七家站',101100,'石景山','13574802335',5,'06:30:00','22:30:00'),('北京东高地站',102200,'北京理想城','18825903971',3,'08:00:00','22:30:00'),('北京丰管路站',102400,'北京长阳','15253549769',2,'07:30:00','22:30:00'),('北京久敬庄站',102300,'北京媒体村','18749804191',2,'06:00:00','22:30:00'),('北京乔庄站',100032,'酒仙桥','18658489678',5,'08:00:00','24:00:00'),('北京交通大学站',100010,'上庄','15003571404',4,'06:00:00','23:00:00'),('北京京铁家园站',102400,'小鲁店','13333057471',4,'08:00:00','23:30:00'),('北京保安庄站',101100,'大红门','13735855275',2,'07:30:00','24:00:00'),('北京华英园站',100032,'北京莲花','13649720408',2,'06:30:00','23:30:00'),('北京南口站',100010,'北京长丰园','18829555205',4,'07:30:00','22:00:00'),('北京南邵站',100080,'花家地','15012098969',5,'08:00:00','24:00:00'),('北京双树站',100020,'沙河','13308617542',5,'06:30:00','23:30:00'),('北京古城站',101100,'北京建新庄','13762229153',5,'06:00:00','24:00:00'),('北京吉祥里站',100043,'旧宫','13498928909',5,'06:30:00','22:30:00'),('北京大东园站',102600,'广渠门','13963290954',4,'06:30:00','23:30:00'),('北京天坛站',100032,'北京马池口','13391123053',5,'08:00:00','22:00:00'),('北京天宫院站',100020,'马连道','13319340372',2,'07:30:00','24:00:00'),('北京太平家园站',100032,'北京阜通','15326351381',3,'08:00:00','22:00:00'),('北京太阳公元站',100043,'北七家','15040242642',2,'06:00:00','23:30:00'),('北京媒体村站',100032,'北京榆垡','13062282478',5,'07:30:00','22:30:00'),('北京安采路站',102200,'北京邮电大学','13997631932',5,'08:00:00','24:00:00'),('北京定福庄站',100043,'宣武','14739807533',4,'07:30:00','24:00:00'),('北京小屯站',102300,'通州','15032878729',5,'06:00:00','22:30:00'),('北京工业大学站',100032,'北京京铁家园','13080391364',4,'07:30:00','23:00:00'),('北京常乐站',102200,'东大桥','15714140461',4,'06:30:00','23:00:00'),('北京建新庄站',102600,'北京驼房营','15962507013',2,'06:00:00','24:00:00'),('北京成寿寺站',102200,'北京李家巷','18879726984',2,'06:00:00','23:00:00'),('北京新华联站',102300,'通州','18635092657',2,'06:30:00','22:00:00'),('北京方庄站',102200,'北京榆垡','13200161268',3,'07:30:00','23:00:00'),('北京时代之光站',100020,'北京邮电大学','13331019295',3,'08:00:00','24:00:00'),('北京望花路站',100043,'北京李家巷','13755785039',4,'08:00:00','23:30:00'),('北京朝林自提点',100010,'北京东高地','13055931874',5,'08:00:00','22:00:00'),('北京李家巷站',102600,'北京望花路','15704240448',3,'06:30:00','22:00:00'),('北京榆垡站',102400,'北京工业大学','15188386261',2,'06:00:00','22:30:00'),('北京武夷花园站',102200,'北京定福庄','15091038765',5,'06:30:00','22:00:00'),('北京海淀站',100010,'北京高米店','13131020779',2,'07:30:00','23:30:00'),('北京润泽站',101100,'北京榆垡','15756089043',2,'08:00:00','24:00:00'),('北京潘家园站',102300,'张仪村','13499184704',3,'06:00:00','24:00:00'),('北京物流中心自提点',100010,'新华街','18719673284',4,'06:30:00','23:30:00'),('北京理想城站',102300,'北京新华联','15260578730',2,'07:30:00','24:00:00'),('北京百荣站',102600,'北京双树','13556295644',3,'07:30:00','23:30:00'),('北京纪家庙站',100032,'北京成寿寺','18768905226',5,'06:30:00','24:00:00'),('北京航空航天大学站',100010,'亦庄','13453647937',4,'06:30:00','23:00:00'),('北京苏庄站',102400,'北京成寿寺','13438991819',3,'07:30:00','22:30:00'),('北京荣丰站',102200,'大兴黄村','15199688771',2,'07:30:00','23:30:00'),('北京莲花站',101100,'温泉','13759300183',4,'07:30:00','24:00:00'),('北京西苑自提点',100010,'银地家园','15777911955',2,'08:00:00','23:00:00'),('北京通惠家园站',100032,'小营','13091444981',4,'06:30:00','24:00:00'),('北京邢各庄站',102600,'北京南口','13229340577',2,'06:00:00','22:30:00'),('北京邮电大学站',100010,'旧宫','15380804873',4,'06:00:00','23:00:00'),('北京采育站',100071,'北京媒体村','15943055478',5,'06:00:00','22:30:00'),('北京长丰园站',102400,'小营','13557801878',5,'06:00:00','23:30:00'),('北京长子营站',100071,'北京古城','15004316614',3,'07:30:00','22:00:00'),('北京长阳站',102300,'京东集团自提点','15866060884',3,'06:30:00','24:00:00'),('北京阜通站',100080,'宣武','13790857630',5,'08:00:00','23:00:00'),('北京马池口站',100080,'北京马池口','15792580576',3,'07:30:00','22:00:00'),('北京驼房营站',100080,'北京常乐','15826741346',4,'07:30:00','23:30:00'),('北京高楼金站',100010,'通州','13405865046',5,'06:30:00','23:00:00'),('北京高米店站',102600,'小营','13552599013',3,'07:30:00','22:30:00'),('北京龙华园站',100020,'北京海淀','13302141777',3,'06:30:00','22:30:00'),('北辰自提点',100010,'北京交通大学','15033408667',5,'07:30:00','22:30:00'),('华馨园站',101100,'北京润泽','13657567735',3,'07:30:00','22:30:00'),('大兴黄村站',100032,'昌平','13563528041',3,'08:00:00','22:30:00'),('大红门站',102300,'航天城','15727211241',5,'06:30:00','22:00:00'),('大钟寺站',100080,'昌平','18722996216',2,'08:00:00','24:00:00'),('天桥站',100071,'北京太阳公元','13315501886',2,'08:00:00','23:30:00'),('天通苑站',100043,'北京望花路','13801625408',5,'08:00:00','23:00:00'),('宋家庄站',102200,'北京小屯','15974115973',3,'06:30:00','23:00:00'),('宣武站',100071,'北京久敬庄','13355714227',3,'06:00:00','23:00:00'),('小营站',100043,'北京南口','18656364767',3,'06:00:00','23:30:00'),('小鲁店站',102600,'天桥','18721861699',3,'06:00:00','22:00:00'),('广渠门站',100071,'张仪村','15069957902',5,'08:00:00','23:30:00'),('张仪村站',100071,'北京榆垡','13857295931',4,'07:30:00','22:00:00'),('房山城关站',100020,'北京邮电大学','13619593405',5,'08:00:00','22:00:00'),('新华街站',102300,'八大处','13858022641',2,'07:30:00','22:30:00'),('旧宫站',100020,'北京榆垡','18730644716',2,'07:30:00','22:00:00'),('昌平站',100020,'北京小屯','13724943864',2,'08:00:00','22:00:00'),('望京站',102300,'京东集团自提点','13493330403',5,'06:00:00','23:30:00'),('梨园站',101100,'北京吉祥里','15912194744',5,'06:00:00','24:00:00'),('沙河站',100020,'张仪村','13854172371',5,'07:30:00','22:00:00'),('清河站',102200,'北京长子营','14726663217',5,'07:30:00','23:30:00'),('温泉站',100020,'六郎庄','13075865419',2,'07:30:00','22:00:00'),('灯市口站',100043,'北京丰管路','13446685825',3,'06:30:00','24:00:00'),('石景山站',100071,'北京李家巷','13869551526',3,'06:00:00','24:00:00'),('程庄路站',100071,'北京建新庄','15096631564',4,'08:00:00','23:30:00'),('航天城站',102200,'东坝','15598412601',4,'06:30:00','23:00:00'),('良乡站',102400,'小营站','15891962338',5,'08:00:00','22:00:00'),('花家地站',100080,'上庄','18634815143',4,'07:30:00','24:00:00'),('菊园站',100080,'北京阜通','18716185208',3,'06:30:00','24:00:00'),('西三旗站',100080,'酒仙桥','13087827141',5,'06:00:00','24:00:00'),('西八里庄站',102400,'北京建新庄','15720613180',3,'06:00:00','22:00:00'),('通州站',102300,'门头沟','13332177674',4,'07:30:00','22:30:00'),('酒仙桥站',100043,'北京高楼金','13224387677',2,'07:30:00','22:00:00'),('银地家园站',102400,'北京李家巷','13066642441',2,'06:00:00','23:00:00'),('门头沟站',102400,'北七家','15296826831',2,'08:00:00','23:00:00'),('顺义站',101100,'北京邢各庄','15866991348',2,'06:30:00','24:00:00'),('马泉营站',100080,'北京方庄','15262019087',3,'06:30:00','22:30:00'),('马连道站',101100,'北京海淀','13065725620',3,'06:00:00','23:00:00'),('马驹桥站',101100,'北京通惠家园','18841421027',4,'08:00:00','23:30:00'),('龙旺庄站',102600,'北京成寿寺','13146934085',4,'08:00:00','22:00:00'),('﻿中关村自提点',100010,'北京通惠家园','15508782376',2,'08:00:00','22:00:00');
/*!40000 ALTER TABLE `delivery` ENABLE KEYS */;
UNLOCK TABLES;

--
-- Table structure for table `delivery_have_product`
--

DROP TABLE IF EXISTS `delivery_have_product`;
/*!40101 SET @saved_cs_client     = @@character_set_client */;
/*!40101 SET character_set_client = utf8 */;
CREATE TABLE `delivery_have_product` (
  `delivery_name` varchar(45) NOT NULL,
  `district_id` int(11) NOT NULL,
  `product_name` varchar(45) NOT NULL,
  `price` float NOT NULL,
  PRIMARY KEY (`delivery_name`,`product_name`,`district_id`),
  KEY `product_name_dp_idx` (`product_name`),
  KEY `district_id_idx` (`district_id`),
  KEY `district_id_dp_idx` (`district_id`),
  KEY `districtid_dp_idx` (`district_id`),
  KEY `delivery_name_dp_idx` (`delivery_name`),
  CONSTRAINT `delivery_name_dp` FOREIGN KEY (`delivery_name`) REFERENCES `delivery` (`delivery_name`) ON DELETE NO ACTION ON UPDATE NO ACTION,
  CONSTRAINT `district_id_dp` FOREIGN KEY (`district_id`) REFERENCES `repository` (`district_id`) ON DELETE NO ACTION ON UPDATE NO ACTION,
  CONSTRAINT `product_name_dp` FOREIGN KEY (`product_name`) REFERENCES `product` (`product_name`)
) ENGINE=InnoDB DEFAULT CHARSET=utf8;
/*!40101 SET character_set_client = @saved_cs_client */;

--
-- Dumping data for table `delivery_have_product`
--

LOCK TABLES `delivery_have_product` WRITE;
/*!40000 ALTER TABLE `delivery_have_product` DISABLE KEYS */;
INSERT INTO `delivery_have_product` VALUES ('三路居站',102400,'人参果',20),('三路居站',102400,'哈密瓜',1.3),('三路居站',102400,'夏威夷果',1.8),('三路居站',102400,'山楂果',0.6),('三路居站',102400,'开心果',15.8),('三路居站',102400,'无花果',9.6),('三路居站',102400,'木瓜',4.1),('三路居站',102400,'李',9.2),('三路居站',102400,'杏',15.5),('三路居站',102400,'杏仁',14),('三路居站',102400,'杨桃',9.6),('三路居站',102400,'杨梅',17.3),('三路居站',102400,'松子',9.6),('三路居站',102400,'板栗',15.4),('三路居站',102400,'枇杷',6.2),('三路居站',102400,'枣',0.5),('三路居站',102400,'柑桔',13.3),('三路居站',102400,'柑橘',9.2),('三路居站',102400,'柚子',17.7),('三路居站',102400,'柠檬',14),('三路居站',102400,'柳丁',9.6),('三路居站',102400,'树莓',13.8),('三路居站',102400,'核桃',14),('三路居站',102400,'桂圆',17.7),('三路居站',102400,'桃子',0.2),('三路居站',102400,'桔子',15.4),('三路居站',102400,'梨',15.8),('三路居站',102400,'榛子',1.3),('三路居站',102400,'榴莲',10),('三路居站',102400,'槟榔',10),('三路居站',102400,'樱桃',16.2),('三路居站',102400,'橄榄',0.2),('三路居站',102400,'橘子',11),('三路居站',102400,'橙子',11.6),('三路居站',102400,'海棠果',14.4),('三路居站',102400,'猕猴桃',9),('三路居站',102400,'瓜类',14.3),('三路居站',102400,'甜橙',16.5),('三路居站',102400,'石榴',10),('三路居站',102400,'腰果',1.3),('三路居站',102400,'芒果',17.7),('三路居站',102400,'苹果',17.3),('三路居站',102400,'草莓',1.4),('三路居站',102400,'荔枝',9.6),('三路居站',102400,'葡萄',15.7),('三路居站',102400,'葡萄柚',11.1),('三路居站',102400,'蒲桃',9),('三路居站',102400,'西瓜',4.8),('三路居站',102400,'西番莲',17.3),('三路居站',102400,'金桔',8.2),('三路居站',102400,'银杏',1.8),('三路居站',102400,'青梅',13.3),('三路居站',102400,'香瓜',11.1),('三路居站',102400,'龙眼',1.9),('上庄站',102600,'人参果',1.4),('上庄站',102600,'哈密瓜',9.6),('上庄站',102600,'夏威夷果',20),('上庄站',102600,'山楂果',14),('上庄站',102600,'开心果',13.3),('上庄站',102600,'无花果',10),('上庄站',102600,'木瓜',1.8),('上庄站',102600,'李',8.2),('上庄站',102600,'杏',13.3),('上庄站',102600,'杏仁',13.3),('上庄站',102600,'杨桃',9),('上庄站',102600,'杨梅',4.8),('上庄站',102600,'松子',11),('上庄站',102600,'板栗',9.2),('上庄站',102600,'枇杷',12.5),('上庄站',102600,'枣',5.1),('上庄站',102600,'柑桔',17.7),('上庄站',102600,'柑橘',11.1),('上庄站',102600,'柚子',16.4),('上庄站',102600,'柠檬',17.7),('上庄站',102600,'柳丁',5.1),('上庄站',102600,'树莓',20),('上庄站',102600,'核桃',12),('上庄站',102600,'桂圆',17.7),('上庄站',102600,'桃子',14.4),('上庄站',102600,'桔子',5.1),('上庄站',102600,'梨',1.9),('上庄站',102600,'榛子',17.4),('上庄站',102600,'榴莲',14),('上庄站',102600,'槟榔',9.9),('上庄站',102600,'樱桃',16.5),('上庄站',102600,'橄榄',6.3),('上庄站',102600,'橘子',0.2),('上庄站',102600,'橙子',13.3),('上庄站',102600,'海棠果',0.6),('上庄站',102600,'猕猴桃',1.8),('上庄站',102600,'瓜类',9.2),('上庄站',102600,'甜橙',6.3),('上庄站',102600,'石榴',16.2),('上庄站',102600,'腰果',15.8),('上庄站',102600,'芒果',15.8),('上庄站',102600,'苹果',8.2),('上庄站',102600,'草莓',4.1),('上庄站',102600,'荔枝',12),('上庄站',102600,'葡萄',7.8),('上庄站',102600,'葡萄柚',1.8),('上庄站',102600,'蒲桃',0.2),('上庄站',102600,'西瓜',7.8),('上庄站',102600,'西番莲',1.4),('上庄站',102600,'金桔',1.8),('上庄站',102600,'银杏',9.6),('上庄站',102600,'青梅',11.1),('上庄站',102600,'香瓜',4.8),('上庄站',102600,'龙眼',6.2),('东坝站',100043,'人参果',14),('东坝站',100043,'哈密瓜',9.6),('东坝站',100043,'夏威夷果',5.1),('东坝站',100043,'山楂果',9.2),('东坝站',100043,'开心果',1.4),('东坝站',100043,'无花果',15.4),('东坝站',100043,'木瓜',15.8),('东坝站',100043,'李',8.2),('东坝站',100043,'杏',16.5),('东坝站',100043,'杏仁',17.4),('东坝站',100043,'杨桃',4.8),('东坝站',100043,'杨梅',10),('东坝站',100043,'松子',4.8),('东坝站',100043,'板栗',8.5),('东坝站',100043,'枇杷',1.8),('东坝站',100043,'枣',17.4),('东坝站',100043,'柑桔',16.5),('东坝站',100043,'柑橘',16.2),('东坝站',100043,'柚子',4.1),('东坝站',100043,'柠檬',11.1),('东坝站',100043,'柳丁',0.2),('东坝站',100043,'树莓',9.6),('东坝站',100043,'核桃',11.6),('东坝站',100043,'桂圆',10),('东坝站',100043,'桃子',15.4),('东坝站',100043,'桔子',0.6),('东坝站',100043,'梨',0.5),('东坝站',100043,'榛子',17.7),('东坝站',100043,'榴莲',16.2),('东坝站',100043,'槟榔',16.2),('东坝站',100043,'樱桃',9),('东坝站',100043,'橄榄',11.1),('东坝站',100043,'橘子',14.4),('东坝站',100043,'橙子',12),('东坝站',100043,'海棠果',17.4),('东坝站',100043,'猕猴桃',15.8),('东坝站',100043,'瓜类',15.5),('东坝站',100043,'甜橙',14),('东坝站',100043,'石榴',8.2),('东坝站',100043,'腰果',8.5),('东坝站',100043,'芒果',4.1),('东坝站',100043,'苹果',11),('东坝站',100043,'草莓',14),('东坝站',100043,'荔枝',4.8),('东坝站',100043,'葡萄',4.1),('东坝站',100043,'葡萄柚',1.9),('东坝站',100043,'蒲桃',0.5),('东坝站',100043,'西瓜',12.5),('东坝站',100043,'西番莲',1.9),('东坝站',100043,'金桔',16.5),('东坝站',100043,'银杏',19.6),('东坝站',100043,'青梅',0.2),('东坝站',100043,'香瓜',13.3),('东坝站',100043,'龙眼',16.5),('东大桥站',100043,'人参果',9.9),('东大桥站',100043,'哈密瓜',16.5),('东大桥站',100043,'夏威夷果',11.6),('东大桥站',100043,'山楂果',15.5),('东大桥站',100043,'开心果',0.2),('东大桥站',100043,'无花果',14.4),('东大桥站',100043,'木瓜',7.8),('东大桥站',100043,'李',15.8),('东大桥站',100043,'杏',15.7),('东大桥站',100043,'杏仁',1.4),('东大桥站',100043,'杨桃',4.1),('东大桥站',100043,'杨梅',0.2),('东大桥站',100043,'松子',1.9),('东大桥站',100043,'板栗',0.6),('东大桥站',100043,'枇杷',11.1),('东大桥站',100043,'枣',4.6),('东大桥站',100043,'柑桔',6.2),('东大桥站',100043,'柑橘',12),('东大桥站',100043,'柚子',11.1),('东大桥站',100043,'柠檬',10),('东大桥站',100043,'柳丁',9.6),('东大桥站',100043,'树莓',4.8),('东大桥站',100043,'核桃',17.3),('东大桥站',100043,'桂圆',4.1),('东大桥站',100043,'桃子',17.3),('东大桥站',100043,'桔子',1.9),('东大桥站',100043,'梨',1.4),('东大桥站',100043,'榛子',16.2),('东大桥站',100043,'榴莲',6.3),('东大桥站',100043,'槟榔',13.3),('东大桥站',100043,'樱桃',18),('东大桥站',100043,'橄榄',12),('东大桥站',100043,'橘子',1.4),('东大桥站',100043,'橙子',1.4),('东大桥站',100043,'海棠果',10),('东大桥站',100043,'猕猴桃',0.2),('东大桥站',100043,'瓜类',9.2),('东大桥站',100043,'甜橙',10),('东大桥站',100043,'石榴',13.8),('东大桥站',100043,'腰果',7.8),('东大桥站',100043,'芒果',4.1),('东大桥站',100043,'苹果',11.1),('东大桥站',100043,'草莓',6.3),('东大桥站',100043,'荔枝',15.7),('东大桥站',100043,'葡萄',15.4),('东大桥站',100043,'葡萄柚',10),('东大桥站',100043,'蒲桃',14.5),('东大桥站',100043,'西瓜',1.9),('东大桥站',100043,'西番莲',4.8),('东大桥站',100043,'金桔',14.5),('东大桥站',100043,'银杏',16.2),('东大桥站',100043,'青梅',15.8),('东大桥站',100043,'香瓜',14),('东大桥站',100043,'龙眼',9.6),('中关村自提点',100010,'人参果',15.5),('中关村自提点',100010,'哈密瓜',10),('中关村自提点',100010,'夏威夷果',10),('中关村自提点',100010,'山楂果',18),('中关村自提点',100010,'开心果',16.5),('中关村自提点',100010,'无花果',14),('中关村自提点',100010,'木瓜',13.8),('中关村自提点',100010,'李',0.5),('中关村自提点',100010,'杏',8.2),('中关村自提点',100010,'杏仁',9),('中关村自提点',100010,'杨桃',12),('中关村自提点',100010,'杨梅',1.8),('中关村自提点',100010,'松子',17.7),('中关村自提点',100010,'板栗',15.7),('中关村自提点',100010,'枇杷',7.8),('中关村自提点',100010,'枣',15.5),('中关村自提点',100010,'柑桔',14.3),('中关村自提点',100010,'柑橘',1.9),('中关村自提点',100010,'柚子',8.5),('中关村自提点',100010,'柠檬',17.3),('中关村自提点',100010,'柳丁',4.8),('中关村自提点',100010,'树莓',14.4),('中关村自提点',100010,'核桃',17.3),('中关村自提点',100010,'桂圆',0.2),('中关村自提点',100010,'桃子',18.9),('中关村自提点',100010,'桔子',12),('中关村自提点',100010,'梨',0.5),('中关村自提点',100010,'榛子',0.5),('中关村自提点',100010,'榴莲',17.7),('中关村自提点',100010,'槟榔',12),('中关村自提点',100010,'樱桃',8.2),('中关村自提点',100010,'橄榄',16.2),('中关村自提点',100010,'橘子',15.8),('中关村自提点',100010,'橙子',10),('中关村自提点',100010,'海棠果',10),('中关村自提点',100010,'猕猴桃',13.3),('中关村自提点',100010,'瓜类',16.4),('中关村自提点',100010,'甜橙',15.8),('中关村自提点',100010,'石榴',17.4),('中关村自提点',100010,'腰果',0.5),('中关村自提点',100010,'芒果',7.8),('中关村自提点',100010,'苹果',20),('中关村自提点',100010,'草莓',1.4),('中关村自提点',100010,'荔枝',16.4),('中关村自提点',100010,'葡萄',15.7),('中关村自提点',100010,'葡萄柚',6.2),('中关村自提点',100010,'蒲桃',13.8),('中关村自提点',100010,'西瓜',5.1),('中关村自提点',100010,'西番莲',4.1),('中关村自提点',100010,'金桔',9.6),('中关村自提点',100010,'银杏',13.8),('中关村自提点',100010,'青梅',6.2),('中关村自提点',100010,'香瓜',12),('中关村自提点',100010,'龙眼',17.4),('云岗站',100071,'人参果',8.2),('云岗站',100071,'哈密瓜',1.8),('云岗站',100071,'夏威夷果',10),('云岗站',100071,'山楂果',16.4),('云岗站',100071,'开心果',17.7),('云岗站',100071,'无花果',12),('云岗站',100071,'木瓜',17.3),('云岗站',100071,'李',15.7),('云岗站',100071,'杏',15.8),('云岗站',100071,'杏仁',17.7),('云岗站',100071,'杨桃',13.3),('云岗站',100071,'杨梅',16.2),('云岗站',100071,'松子',14.3),('云岗站',100071,'板栗',0.6),('云岗站',100071,'枇杷',10),('云岗站',100071,'枣',4.1),('云岗站',100071,'柑桔',16.4),('云岗站',100071,'柑橘',7.8),('云岗站',100071,'柚子',16.4),('云岗站',100071,'柠檬',1.8),('云岗站',100071,'柳丁',15.5),('云岗站',100071,'树莓',9.9),('云岗站',100071,'核桃',9.6),('云岗站',100071,'桂圆',9.2),('云岗站',100071,'桃子',16.4),('云岗站',100071,'桔子',16.2),('云岗站',100071,'梨',10),('云岗站',100071,'榛子',14),('云岗站',100071,'榴莲',16.2),('云岗站',100071,'槟榔',17.4),('云岗站',100071,'樱桃',0.2),('云岗站',100071,'橄榄',9.2),('云岗站',100071,'橘子',16.5),('云岗站',100071,'橙子',0.2),('云岗站',100071,'海棠果',12.5),('云岗站',100071,'猕猴桃',16.5),('云岗站',100071,'瓜类',18.9),('云岗站',100071,'甜橙',15.5),('云岗站',100071,'石榴',8.2),('云岗站',100071,'腰果',16.2),('云岗站',100071,'芒果',11),('云岗站',100071,'苹果',11.1),('云岗站',100071,'草莓',12),('云岗站',100071,'荔枝',9),('云岗站',100071,'葡萄',11.1),('云岗站',100071,'葡萄柚',8.2),('云岗站',100071,'蒲桃',18),('云岗站',100071,'西瓜',14),('云岗站',100071,'西番莲',0.5),('云岗站',100071,'金桔',11.1),('云岗站',100071,'银杏',9.9),('云岗站',100071,'青梅',7.8),('云岗站',100071,'香瓜',17.7),('云岗站',100071,'龙眼',4.8),('亦庄站',100032,'人参果',12),('亦庄站',100032,'哈密瓜',15.4),('亦庄站',100032,'夏威夷果',13.8),('亦庄站',100032,'山楂果',10),('亦庄站',100032,'开心果',4.8),('亦庄站',100032,'无花果',13.3),('亦庄站',100032,'木瓜',17.7),('亦庄站',100032,'李',4.8),('亦庄站',100032,'杏',0.5),('亦庄站',100032,'杏仁',9),('亦庄站',100032,'杨桃',7.8),('亦庄站',100032,'杨梅',4.1),('亦庄站',100032,'松子',20),('亦庄站',100032,'板栗',16.5),('亦庄站',100032,'枇杷',11.6),('亦庄站',100032,'枣',16.2),('亦庄站',100032,'柑桔',9),('亦庄站',100032,'柑橘',4.6),('亦庄站',100032,'柚子',4.1),('亦庄站',100032,'柠檬',1.4),('亦庄站',100032,'柳丁',15.5),('亦庄站',100032,'树莓',7.8),('亦庄站',100032,'核桃',0.2),('亦庄站',100032,'桂圆',1.4),('亦庄站',100032,'桃子',14.5),('亦庄站',100032,'桔子',9.6),('亦庄站',100032,'梨',12),('亦庄站',100032,'榛子',13.8),('亦庄站',100032,'榴莲',17.3),('亦庄站',100032,'槟榔',0.2),('亦庄站',100032,'樱桃',6.2),('亦庄站',100032,'橄榄',4.1),('亦庄站',100032,'橘子',7.8),('亦庄站',100032,'橙子',13.8),('亦庄站',100032,'海棠果',9.6),('亦庄站',100032,'猕猴桃',20),('亦庄站',100032,'瓜类',10),('亦庄站',100032,'甜橙',0.2),('亦庄站',100032,'石榴',10),('亦庄站',100032,'腰果',11),('亦庄站',100032,'芒果',4.8),('亦庄站',100032,'苹果',1.9),('亦庄站',100032,'草莓',4.6),('亦庄站',100032,'荔枝',17.3),('亦庄站',100032,'葡萄',11.6),('亦庄站',100032,'葡萄柚',0.5),('亦庄站',100032,'蒲桃',12.5),('亦庄站',100032,'西瓜',16.2),('亦庄站',100032,'西番莲',15.5),('亦庄站',100032,'金桔',11.1),('亦庄站',100032,'银杏',14.4),('亦庄站',100032,'青梅',12.5),('亦庄站',100032,'香瓜',4.8),('亦庄站',100032,'龙眼',15.5),('京东集团自提点',102600,'人参果',1.9),('京东集团自提点',102600,'哈密瓜',0.5),('京东集团自提点',102600,'夏威夷果',20),('京东集团自提点',102600,'山楂果',4.6),('京东集团自提点',102600,'开心果',12),('京东集团自提点',102600,'无花果',20),('京东集团自提点',102600,'木瓜',14),('京东集团自提点',102600,'李',12.5),('京东集团自提点',102600,'杏',14.4),('京东集团自提点',102600,'杏仁',8.5),('京东集团自提点',102600,'杨桃',0.5),('京东集团自提点',102600,'杨梅',15.5),('京东集团自提点',102600,'松子',4.1),('京东集团自提点',102600,'板栗',0.5),('京东集团自提点',102600,'枇杷',4.1),('京东集团自提点',102600,'枣',17.4),('京东集团自提点',102600,'柑桔',15.7),('京东集团自提点',102600,'柑橘',15.5),('京东集团自提点',102600,'柚子',1.8),('京东集团自提点',102600,'柠檬',9.9),('京东集团自提点',102600,'柳丁',12),('京东集团自提点',102600,'树莓',16.2),('京东集团自提点',102600,'核桃',1.8),('京东集团自提点',102600,'桂圆',4.8),('京东集团自提点',102600,'桃子',20),('京东集团自提点',102600,'桔子',7.8),('京东集团自提点',102600,'梨',11),('京东集团自提点',102600,'榛子',10),('京东集团自提点',102600,'榴莲',1.8),('京东集团自提点',102600,'槟榔',9.6),('京东集团自提点',102600,'樱桃',16.2),('京东集团自提点',102600,'橄榄',9.6),('京东集团自提点',102600,'橘子',13.3),('京东集团自提点',102600,'橙子',4.1),('京东集团自提点',102600,'海棠果',0.2),('京东集团自提点',102600,'猕猴桃',1.8),('京东集团自提点',102600,'瓜类',13.8),('京东集团自提点',102600,'甜橙',18.9),('京东集团自提点',102600,'石榴',17.3),('京东集团自提点',102600,'腰果',7.8),('京东集团自提点',102600,'芒果',17.3),('京东集团自提点',102600,'苹果',11.1),('京东集团自提点',102600,'草莓',15.7),('京东集团自提点',102600,'荔枝',4.1),('京东集团自提点',102600,'葡萄',4.8),('京东集团自提点',102600,'葡萄柚',12),('京东集团自提点',102600,'蒲桃',9.6),('京东集团自提点',102600,'西瓜',16.2),('京东集团自提点',102600,'西番莲',13.8),('京东集团自提点',102600,'金桔',0.5),('京东集团自提点',102600,'银杏',9.9),('京东集团自提点',102600,'青梅',10),('京东集团自提点',102600,'香瓜',0.5),('京东集团自提点',102600,'龙眼',15.8),('八大处站',100071,'人参果',15.8),('八大处站',100071,'哈密瓜',16.2),('八大处站',100071,'夏威夷果',0.5),('八大处站',100071,'山楂果',17.7),('八大处站',100071,'开心果',9.6),('八大处站',100071,'无花果',0.5),('八大处站',100071,'木瓜',6.2),('八大处站',100071,'李',12),('八大处站',100071,'杏',6.2),('八大处站',100071,'杏仁',4.1),('八大处站',100071,'杨桃',13.3),('八大处站',100071,'杨梅',6.2),('八大处站',100071,'松子',13.3),('八大处站',100071,'板栗',18.9),('八大处站',100071,'枇杷',9.2),('八大处站',100071,'枣',12.5),('八大处站',100071,'柑桔',7.8),('八大处站',100071,'柑橘',4.8),('八大处站',100071,'柚子',0.2),('八大处站',100071,'柠檬',10),('八大处站',100071,'柳丁',17.7),('八大处站',100071,'树莓',15.5),('八大处站',100071,'核桃',11.1),('八大处站',100071,'桂圆',15.8),('八大处站',100071,'桃子',4.8),('八大处站',100071,'桔子',17.4),('八大处站',100071,'梨',4.8),('八大处站',100071,'榛子',10),('八大处站',100071,'榴莲',9),('八大处站',100071,'槟榔',17.7),('八大处站',100071,'樱桃',1.8),('八大处站',100071,'橄榄',7.8),('八大处站',100071,'橘子',4.1),('八大处站',100071,'橙子',16.4),('八大处站',100071,'海棠果',12),('八大处站',100071,'猕猴桃',12),('八大处站',100071,'瓜类',6.2),('八大处站',100071,'甜橙',14),('八大处站',100071,'石榴',15.8),('八大处站',100071,'腰果',10),('八大处站',100071,'芒果',16.4),('八大处站',100071,'苹果',10),('八大处站',100071,'草莓',0.5),('八大处站',100071,'荔枝',4.1),('八大处站',100071,'葡萄',4.1),('八大处站',100071,'葡萄柚',16.4),('八大处站',100071,'蒲桃',0.5),('八大处站',100071,'西瓜',10),('八大处站',100071,'西番莲',9.6),('八大处站',100071,'金桔',10),('八大处站',100071,'银杏',4.8),('八大处站',100071,'青梅',16.4),('八大处站',100071,'香瓜',6.2),('八大处站',100071,'龙眼',9.6),('六郎庄站',100080,'人参果',14.3),('六郎庄站',100080,'哈密瓜',14.3),('六郎庄站',100080,'夏威夷果',9),('六郎庄站',100080,'山楂果',10),('六郎庄站',100080,'开心果',12),('六郎庄站',100080,'无花果',17.4),('六郎庄站',100080,'木瓜',13.3),('六郎庄站',100080,'李',18.9),('六郎庄站',100080,'杏',17.3),('六郎庄站',100080,'杏仁',17.7),('六郎庄站',100080,'杨桃',17.3),('六郎庄站',100080,'杨梅',12.5),('六郎庄站',100080,'松子',1.8),('六郎庄站',100080,'板栗',15.4),('六郎庄站',100080,'枇杷',10),('六郎庄站',100080,'枣',0.6),('六郎庄站',100080,'柑桔',4.8),('六郎庄站',100080,'柑橘',10),('六郎庄站',100080,'柚子',13.8),('六郎庄站',100080,'柠檬',1.4),('六郎庄站',100080,'柳丁',4.6),('六郎庄站',100080,'树莓',9.2),('六郎庄站',100080,'核桃',4.1),('六郎庄站',100080,'桂圆',7.8),('六郎庄站',100080,'桃子',10),('六郎庄站',100080,'桔子',0.5),('六郎庄站',100080,'梨',11),('六郎庄站',100080,'榛子',11.6),('六郎庄站',100080,'榴莲',10),('六郎庄站',100080,'槟榔',13.8),('六郎庄站',100080,'樱桃',17.3),('六郎庄站',100080,'橄榄',11.1),('六郎庄站',100080,'橘子',14.5),('六郎庄站',100080,'橙子',16.4),('六郎庄站',100080,'海棠果',4.6),('六郎庄站',100080,'猕猴桃',6.3),('六郎庄站',100080,'瓜类',4.6),('六郎庄站',100080,'甜橙',9.9),('六郎庄站',100080,'石榴',1.4),('六郎庄站',100080,'腰果',15.8),('六郎庄站',100080,'芒果',11.1),('六郎庄站',100080,'苹果',10),('六郎庄站',100080,'草莓',9.2),('六郎庄站',100080,'荔枝',15.5),('六郎庄站',100080,'葡萄',17.3),('六郎庄站',100080,'葡萄柚',9.6),('六郎庄站',100080,'蒲桃',11),('六郎庄站',100080,'西瓜',1.8),('六郎庄站',100080,'西番莲',1.4),('六郎庄站',100080,'金桔',14.5),('六郎庄站',100080,'银杏',5.1),('六郎庄站',100080,'青梅',0.6),('六郎庄站',100080,'香瓜',9.6),('六郎庄站',100080,'龙眼',4.6),('六里桥站',100020,'人参果',13.3),('六里桥站',100020,'哈密瓜',0.6),('六里桥站',100020,'夏威夷果',11.1),('六里桥站',100020,'山楂果',13.3),('六里桥站',100020,'开心果',17.4),('六里桥站',100020,'无花果',4.1),('六里桥站',100020,'木瓜',10),('六里桥站',100020,'李',4.8),('六里桥站',100020,'杏',14.4),('六里桥站',100020,'杏仁',1.4),('六里桥站',100020,'杨桃',0.5),('六里桥站',100020,'杨梅',20),('六里桥站',100020,'松子',15.4),('六里桥站',100020,'板栗',16.2),('六里桥站',100020,'枇杷',11.1),('六里桥站',100020,'枣',4.6),('六里桥站',100020,'柑桔',4.1),('六里桥站',100020,'柑橘',1.3),('六里桥站',100020,'柚子',10),('六里桥站',100020,'柠檬',18),('六里桥站',100020,'柳丁',4.8),('六里桥站',100020,'树莓',13.3),('六里桥站',100020,'核桃',12.5),('六里桥站',100020,'桂圆',14),('六里桥站',100020,'桃子',6.3),('六里桥站',100020,'桔子',13.3),('六里桥站',100020,'梨',18.9),('六里桥站',100020,'榛子',18.9),('六里桥站',100020,'榴莲',17.3),('六里桥站',100020,'槟榔',17.7),('六里桥站',100020,'樱桃',14.3),('六里桥站',100020,'橄榄',11.1),('六里桥站',100020,'橘子',15.4),('六里桥站',100020,'橙子',0.2),('六里桥站',100020,'海棠果',1.8),('六里桥站',100020,'猕猴桃',15.4),('六里桥站',100020,'瓜类',17.3),('六里桥站',100020,'甜橙',0.2),('六里桥站',100020,'石榴',10),('六里桥站',100020,'腰果',15.7),('六里桥站',100020,'芒果',13.8),('六里桥站',100020,'苹果',10),('六里桥站',100020,'草莓',1.8),('六里桥站',100020,'荔枝',14),('六里桥站',100020,'葡萄',13.3),('六里桥站',100020,'葡萄柚',17.3),('六里桥站',100020,'蒲桃',4.1),('六里桥站',100020,'西瓜',0.5),('六里桥站',100020,'西番莲',16.2),('六里桥站',100020,'金桔',10),('六里桥站',100020,'银杏',0.2),('六里桥站',100020,'青梅',0.5),('六里桥站',100020,'香瓜',4.1),('六里桥站',100020,'龙眼',9),('北七家站',101100,'人参果',17.3),('北七家站',101100,'哈密瓜',7.8),('北七家站',101100,'夏威夷果',11.6),('北七家站',101100,'山楂果',14),('北七家站',101100,'开心果',17.3),('北七家站',101100,'无花果',16.2),('北七家站',101100,'木瓜',4.1),('北七家站',101100,'李',20),('北七家站',101100,'杏',19.6),('北七家站',101100,'杏仁',0.5),('北七家站',101100,'杨桃',11.6),('北七家站',101100,'杨梅',9.6),('北七家站',101100,'松子',1.8),('北七家站',101100,'板栗',0.2),('北七家站',101100,'枇杷',1.8),('北七家站',101100,'枣',11.1),('北七家站',101100,'柑桔',4.8),('北七家站',101100,'柑橘',4.1),('北七家站',101100,'柚子',16.4),('北七家站',101100,'柠檬',1.3),('北七家站',101100,'柳丁',14.3),('北七家站',101100,'树莓',14),('北七家站',101100,'核桃',1.4),('北七家站',101100,'桂圆',12),('北七家站',101100,'桃子',0.5),('北七家站',101100,'桔子',17.3),('北七家站',101100,'梨',14),('北七家站',101100,'榛子',4.1),('北七家站',101100,'榴莲',16.2),('北七家站',101100,'槟榔',14),('北七家站',101100,'樱桃',4.8),('北七家站',101100,'橄榄',12),('北七家站',101100,'橘子',12),('北七家站',101100,'橙子',0.5),('北七家站',101100,'海棠果',13.3),('北七家站',101100,'猕猴桃',10),('北七家站',101100,'瓜类',14.4),('北七家站',101100,'甜橙',0.5),('北七家站',101100,'石榴',11.1),('北七家站',101100,'腰果',15.8),('北七家站',101100,'芒果',16.5),('北七家站',101100,'苹果',4.8),('北七家站',101100,'草莓',20),('北七家站',101100,'荔枝',1.3),('北七家站',101100,'葡萄',11.6),('北七家站',101100,'葡萄柚',0.2),('北七家站',101100,'蒲桃',4.1),('北七家站',101100,'西瓜',10),('北七家站',101100,'西番莲',17.3),('北七家站',101100,'金桔',17.3),('北七家站',101100,'银杏',14.3),('北七家站',101100,'青梅',4.1),('北七家站',101100,'香瓜',13.3),('北七家站',101100,'龙眼',16.2),('北京东高地站',102200,'人参果',15.4),('北京东高地站',102200,'哈密瓜',15.4),('北京东高地站',102200,'夏威夷果',0.2),('北京东高地站',102200,'山楂果',11.1),('北京东高地站',102200,'开心果',14.4),('北京东高地站',102200,'无花果',11.1),('北京东高地站',102200,'木瓜',20),('北京东高地站',102200,'李',10),('北京东高地站',102200,'杏',17.4),('北京东高地站',102200,'杏仁',17.3),('北京东高地站',102200,'杨桃',7.8),('北京东高地站',102200,'杨梅',4.8),('北京东高地站',102200,'松子',9.9),('北京东高地站',102200,'板栗',10),('北京东高地站',102200,'枇杷',12),('北京东高地站',102200,'枣',17.7),('北京东高地站',102200,'柑桔',1.8),('北京东高地站',102200,'柑橘',15.7),('北京东高地站',102200,'柚子',1.8),('北京东高地站',102200,'柠檬',18.9),('北京东高地站',102200,'柳丁',11.1),('北京东高地站',102200,'树莓',12),('北京东高地站',102200,'核桃',18),('北京东高地站',102200,'桂圆',1.8),('北京东高地站',102200,'桃子',9.2),('北京东高地站',102200,'桔子',0.5),('北京东高地站',102200,'梨',11.1),('北京东高地站',102200,'榛子',1.4),('北京东高地站',102200,'榴莲',1.8),('北京东高地站',102200,'槟榔',18.9),('北京东高地站',102200,'樱桃',17.3),('北京东高地站',102200,'橄榄',14),('北京东高地站',102200,'橘子',16.2),('北京东高地站',102200,'橙子',16.4),('北京东高地站',102200,'海棠果',16.4),('北京东高地站',102200,'猕猴桃',13.3),('北京东高地站',102200,'瓜类',12),('北京东高地站',102200,'甜橙',9.9),('北京东高地站',102200,'石榴',1.4),('北京东高地站',102200,'腰果',18.9),('北京东高地站',102200,'芒果',15.5),('北京东高地站',102200,'苹果',14.3),('北京东高地站',102200,'草莓',13.8),('北京东高地站',102200,'荔枝',18),('北京东高地站',102200,'葡萄',1.8),('北京东高地站',102200,'葡萄柚',13.8),('北京东高地站',102200,'蒲桃',16.4),('北京东高地站',102200,'西瓜',7.8),('北京东高地站',102200,'西番莲',14.3),('北京东高地站',102200,'金桔',16.4),('北京东高地站',102200,'银杏',1.9),('北京东高地站',102200,'青梅',17.4),('北京东高地站',102200,'香瓜',9.9),('北京东高地站',102200,'龙眼',12),('北京丰管路站',102400,'人参果',6.3),('北京丰管路站',102400,'哈密瓜',9.9),('北京丰管路站',102400,'夏威夷果',11.1),('北京丰管路站',102400,'山楂果',6.3),('北京丰管路站',102400,'开心果',17.3),('北京丰管路站',102400,'无花果',9.9),('北京丰管路站',102400,'木瓜',16.4),('北京丰管路站',102400,'李',9.2),('北京丰管路站',102400,'杏',1.3),('北京丰管路站',102400,'杏仁',17.7),('北京丰管路站',102400,'杨桃',16.2),('北京丰管路站',102400,'杨梅',4.1),('北京丰管路站',102400,'松子',10),('北京丰管路站',102400,'板栗',18.9),('北京丰管路站',102400,'枇杷',0.2),('北京丰管路站',102400,'枣',17.7),('北京丰管路站',102400,'柑桔',15.4),('北京丰管路站',102400,'柑橘',6.2),('北京丰管路站',102400,'柚子',14.4),('北京丰管路站',102400,'柠檬',8.5),('北京丰管路站',102400,'柳丁',5.1),('北京丰管路站',102400,'树莓',7.8),('北京丰管路站',102400,'核桃',10),('北京丰管路站',102400,'桂圆',11.1),('北京丰管路站',102400,'桃子',13.8),('北京丰管路站',102400,'桔子',19.6),('北京丰管路站',102400,'梨',18.9),('北京丰管路站',102400,'榛子',17.7),('北京丰管路站',102400,'榴莲',4.8),('北京丰管路站',102400,'槟榔',16.4),('北京丰管路站',102400,'樱桃',14.3),('北京丰管路站',102400,'橄榄',13.3),('北京丰管路站',102400,'橘子',15.8),('北京丰管路站',102400,'橙子',13.8),('北京丰管路站',102400,'海棠果',19.6),('北京丰管路站',102400,'猕猴桃',1.4),('北京丰管路站',102400,'瓜类',5.1),('北京丰管路站',102400,'甜橙',0.5),('北京丰管路站',102400,'石榴',18),('北京丰管路站',102400,'腰果',13.8),('北京丰管路站',102400,'芒果',1.3),('北京丰管路站',102400,'苹果',1.4),('北京丰管路站',102400,'草莓',15.4),('北京丰管路站',102400,'荔枝',9.2),('北京丰管路站',102400,'葡萄',16.2),('北京丰管路站',102400,'葡萄柚',16.4),('北京丰管路站',102400,'蒲桃',17.7),('北京丰管路站',102400,'西瓜',5.1),('北京丰管路站',102400,'西番莲',13.8),('北京丰管路站',102400,'金桔',7.8),('北京丰管路站',102400,'银杏',0.5),('北京丰管路站',102400,'青梅',13.3),('北京丰管路站',102400,'香瓜',15.8),('北京丰管路站',102400,'龙眼',16.2),('北京久敬庄站',102300,'人参果',6.3),('北京久敬庄站',102300,'哈密瓜',0.2),('北京久敬庄站',102300,'夏威夷果',17.3),('北京久敬庄站',102300,'山楂果',17.7),('北京久敬庄站',102300,'开心果',9.6),('北京久敬庄站',102300,'无花果',17.4),('北京久敬庄站',102300,'木瓜',15.4),('北京久敬庄站',102300,'李',14),('北京久敬庄站',102300,'杏',1.8),('北京久敬庄站',102300,'杏仁',14.4),('北京久敬庄站',102300,'杨桃',11.1),('北京久敬庄站',102300,'杨梅',1.9),('北京久敬庄站',102300,'松子',6.3),('北京久敬庄站',102300,'板栗',1.8),('北京久敬庄站',102300,'枇杷',12.5),('北京久敬庄站',102300,'枣',8.5),('北京久敬庄站',102300,'柑桔',17.7),('北京久敬庄站',102300,'柑橘',9.2),('北京久敬庄站',102300,'柚子',0.2),('北京久敬庄站',102300,'柠檬',12),('北京久敬庄站',102300,'柳丁',16.2),('北京久敬庄站',102300,'树莓',9.6),('北京久敬庄站',102300,'核桃',4.1),('北京久敬庄站',102300,'桂圆',4.1),('北京久敬庄站',102300,'桃子',4.1),('北京久敬庄站',102300,'桔子',4.6),('北京久敬庄站',102300,'梨',8.2),('北京久敬庄站',102300,'榛子',20),('北京久敬庄站',102300,'榴莲',15.5),('北京久敬庄站',102300,'槟榔',18.9),('北京久敬庄站',102300,'樱桃',8.2),('北京久敬庄站',102300,'橄榄',0.6),('北京久敬庄站',102300,'橘子',17.7),('北京久敬庄站',102300,'橙子',1.8),('北京久敬庄站',102300,'海棠果',4.1),('北京久敬庄站',102300,'猕猴桃',16.4),('北京久敬庄站',102300,'瓜类',17.3),('北京久敬庄站',102300,'甜橙',17.7),('北京久敬庄站',102300,'石榴',12.5),('北京久敬庄站',102300,'腰果',7.8),('北京久敬庄站',102300,'芒果',16.4),('北京久敬庄站',102300,'苹果',4.8),('北京久敬庄站',102300,'草莓',0.5),('北京久敬庄站',102300,'荔枝',10),('北京久敬庄站',102300,'葡萄',6.2),('北京久敬庄站',102300,'葡萄柚',10),('北京久敬庄站',102300,'蒲桃',17.3),('北京久敬庄站',102300,'西瓜',12),('北京久敬庄站',102300,'西番莲',9),('北京久敬庄站',102300,'金桔',14.5),('北京久敬庄站',102300,'银杏',12),('北京久敬庄站',102300,'青梅',1.4),('北京久敬庄站',102300,'香瓜',5.1),('北京久敬庄站',102300,'龙眼',17.7),('北京乔庄站',100032,'人参果',0.6),('北京乔庄站',100032,'哈密瓜',8.2),('北京乔庄站',100032,'夏威夷果',14),('北京乔庄站',100032,'山楂果',4.8),('北京乔庄站',100032,'开心果',0.2),('北京乔庄站',100032,'无花果',12),('北京乔庄站',100032,'木瓜',1.8),('北京乔庄站',100032,'李',17.4),('北京乔庄站',100032,'杏',8.5),('北京乔庄站',100032,'杏仁',4.1),('北京乔庄站',100032,'杨桃',14),('北京乔庄站',100032,'杨梅',14),('北京乔庄站',100032,'松子',16.5),('北京乔庄站',100032,'板栗',19.6),('北京乔庄站',100032,'枇杷',4.8),('北京乔庄站',100032,'枣',1.3),('北京乔庄站',100032,'柑桔',11),('北京乔庄站',100032,'柑橘',6.2),('北京乔庄站',100032,'柚子',16.2),('北京乔庄站',100032,'柠檬',13.3),('北京乔庄站',100032,'柳丁',1.8),('北京乔庄站',100032,'树莓',1.8),('北京乔庄站',100032,'核桃',4.1),('北京乔庄站',100032,'桂圆',12.5),('北京乔庄站',100032,'桃子',16.5),('北京乔庄站',100032,'桔子',13.8),('北京乔庄站',100032,'梨',16.2),('北京乔庄站',100032,'榛子',5.1),('北京乔庄站',100032,'榴莲',10),('北京乔庄站',100032,'槟榔',5.1),('北京乔庄站',100032,'樱桃',16.4),('北京乔庄站',100032,'橄榄',17.3),('北京乔庄站',100032,'橘子',15.4),('北京乔庄站',100032,'橙子',10),('北京乔庄站',100032,'海棠果',5.1),('北京乔庄站',100032,'猕猴桃',18.9),('北京乔庄站',100032,'瓜类',16.2),('北京乔庄站',100032,'甜橙',17.4),('北京乔庄站',100032,'石榴',9.9),('北京乔庄站',100032,'腰果',15.7),('北京乔庄站',100032,'芒果',9.6),('北京乔庄站',100032,'苹果',12),('北京乔庄站',100032,'草莓',7.8),('北京乔庄站',100032,'荔枝',14.5),('北京乔庄站',100032,'葡萄',16.4),('北京乔庄站',100032,'葡萄柚',15.4),('北京乔庄站',100032,'蒲桃',14),('北京乔庄站',100032,'西瓜',13.8),('北京乔庄站',100032,'西番莲',0.5),('北京乔庄站',100032,'金桔',4.1),('北京乔庄站',100032,'银杏',15.4),('北京乔庄站',100032,'青梅',4.6),('北京乔庄站',100032,'香瓜',1.8),('北京乔庄站',100032,'龙眼',0.5),('北京交通大学站',100010,'人参果',18),('北京交通大学站',100010,'哈密瓜',15.7),('北京交通大学站',100010,'夏威夷果',10),('北京交通大学站',100010,'山楂果',11.1),('北京交通大学站',100010,'开心果',12),('北京交通大学站',100010,'无花果',10),('北京交通大学站',100010,'木瓜',13.8),('北京交通大学站',100010,'李',16.5),('北京交通大学站',100010,'杏',0.2),('北京交通大学站',100010,'杏仁',9),('北京交通大学站',100010,'杨桃',0.5),('北京交通大学站',100010,'杨梅',12),('北京交通大学站',100010,'松子',15.7),('北京交通大学站',100010,'板栗',17.3),('北京交通大学站',100010,'枇杷',17.4),('北京交通大学站',100010,'枣',0.2),('北京交通大学站',100010,'柑桔',11.6),('北京交通大学站',100010,'柑橘',4.1),('北京交通大学站',100010,'柚子',12),('北京交通大学站',100010,'柠檬',4.8),('北京交通大学站',100010,'柳丁',15.7),('北京交通大学站',100010,'树莓',12),('北京交通大学站',100010,'核桃',4.8),('北京交通大学站',100010,'桂圆',1.9),('北京交通大学站',100010,'桃子',14.3),('北京交通大学站',100010,'桔子',7.8),('北京交通大学站',100010,'梨',16.2),('北京交通大学站',100010,'榛子',11.1),('北京交通大学站',100010,'榴莲',12),('北京交通大学站',100010,'槟榔',7.8),('北京交通大学站',100010,'樱桃',9.9),('北京交通大学站',100010,'橄榄',1.8),('北京交通大学站',100010,'橘子',11.1),('北京交通大学站',100010,'橙子',8.2),('北京交通大学站',100010,'海棠果',6.2),('北京交通大学站',100010,'猕猴桃',8.2),('北京交通大学站',100010,'瓜类',12.5),('北京交通大学站',100010,'甜橙',10),('北京交通大学站',100010,'石榴',4.8),('北京交通大学站',100010,'腰果',9.2),('北京交通大学站',100010,'芒果',6.2),('北京交通大学站',100010,'苹果',6.2),('北京交通大学站',100010,'草莓',14),('北京交通大学站',100010,'荔枝',14.3),('北京交通大学站',100010,'葡萄',11),('北京交通大学站',100010,'葡萄柚',16.5),('北京交通大学站',100010,'蒲桃',15.4),('北京交通大学站',100010,'西瓜',1.8),('北京交通大学站',100010,'西番莲',18),('北京交通大学站',100010,'金桔',0.2),('北京交通大学站',100010,'银杏',19.6),('北京交通大学站',100010,'青梅',10),('北京交通大学站',100010,'香瓜',7.8),('北京交通大学站',100010,'龙眼',15.5),('北京京铁家园站',102400,'人参果',12.5),('北京京铁家园站',102400,'哈密瓜',17.4),('北京京铁家园站',102400,'夏威夷果',13.3),('北京京铁家园站',102400,'山楂果',16.4),('北京京铁家园站',102400,'开心果',15.5),('北京京铁家园站',102400,'无花果',16.2),('北京京铁家园站',102400,'木瓜',12.5),('北京京铁家园站',102400,'李',11.6),('北京京铁家园站',102400,'杏',15.4),('北京京铁家园站',102400,'杏仁',0.6),('北京京铁家园站',102400,'杨桃',16.5),('北京京铁家园站',102400,'杨梅',16.2),('北京京铁家园站',102400,'松子',11.1),('北京京铁家园站',102400,'板栗',9.6),('北京京铁家园站',102400,'枇杷',17.3),('北京京铁家园站',102400,'枣',20),('北京京铁家园站',102400,'柑桔',15.7),('北京京铁家园站',102400,'柑橘',12),('北京京铁家园站',102400,'柚子',17.4),('北京京铁家园站',102400,'柠檬',16.2),('北京京铁家园站',102400,'柳丁',14.4),('北京京铁家园站',102400,'树莓',19.6),('北京京铁家园站',102400,'核桃',16.5),('北京京铁家园站',102400,'桂圆',15.4),('北京京铁家园站',102400,'桃子',7.8),('北京京铁家园站',102400,'桔子',1.8),('北京京铁家园站',102400,'梨',11.1),('北京京铁家园站',102400,'榛子',20),('北京京铁家园站',102400,'榴莲',13.8),('北京京铁家园站',102400,'槟榔',12),('北京京铁家园站',102400,'樱桃',14.4),('北京京铁家园站',102400,'橄榄',11.1),('北京京铁家园站',102400,'橘子',0.5),('北京京铁家园站',102400,'橙子',11.1),('北京京铁家园站',102400,'海棠果',8.5),('北京京铁家园站',102400,'猕猴桃',9.2),('北京京铁家园站',102400,'瓜类',13.8),('北京京铁家园站',102400,'甜橙',17.3),('北京京铁家园站',102400,'石榴',9),('北京京铁家园站',102400,'腰果',14),('北京京铁家园站',102400,'芒果',1.4),('北京京铁家园站',102400,'苹果',4.1),('北京京铁家园站',102400,'草莓',20),('北京京铁家园站',102400,'荔枝',10),('北京京铁家园站',102400,'葡萄',1.3),('北京京铁家园站',102400,'葡萄柚',14.5),('北京京铁家园站',102400,'蒲桃',4.1),('北京京铁家园站',102400,'西瓜',6.3),('北京京铁家园站',102400,'西番莲',4.8),('北京京铁家园站',102400,'金桔',1.3),('北京京铁家园站',102400,'银杏',10),('北京京铁家园站',102400,'青梅',7.8),('北京京铁家园站',102400,'香瓜',17.3),('北京京铁家园站',102400,'龙眼',1.4),('北京保安庄站',101100,'人参果',17.3),('北京保安庄站',101100,'哈密瓜',17.3),('北京保安庄站',101100,'夏威夷果',15.5),('北京保安庄站',101100,'山楂果',12),('北京保安庄站',101100,'开心果',11.1),('北京保安庄站',101100,'无花果',0.2),('北京保安庄站',101100,'木瓜',11.1),('北京保安庄站',101100,'李',13.3),('北京保安庄站',101100,'杏',4.1),('北京保安庄站',101100,'杏仁',12),('北京保安庄站',101100,'杨桃',15.8),('北京保安庄站',101100,'杨梅',17.7),('北京保安庄站',101100,'松子',1.3),('北京保安庄站',101100,'板栗',17.4),('北京保安庄站',101100,'枇杷',15.4),('北京保安庄站',101100,'枣',4.1),('北京保安庄站',101100,'柑桔',17.4),('北京保安庄站',101100,'柑橘',15.8),('北京保安庄站',101100,'柚子',17.7),('北京保安庄站',101100,'柠檬',9.2),('北京保安庄站',101100,'柳丁',15.5),('北京保安庄站',101100,'树莓',14.5),('北京保安庄站',101100,'核桃',10),('北京保安庄站',101100,'桂圆',15.8),('北京保安庄站',101100,'桃子',9.9),('北京保安庄站',101100,'桔子',8.5),('北京保安庄站',101100,'梨',15.8),('北京保安庄站',101100,'榛子',8.5),('北京保安庄站',101100,'榴莲',5.1),('北京保安庄站',101100,'槟榔',10),('北京保安庄站',101100,'樱桃',0.2),('北京保安庄站',101100,'橄榄',0.5),('北京保安庄站',101100,'橘子',0.5),('北京保安庄站',101100,'橙子',9.6),('北京保安庄站',101100,'海棠果',15.5),('北京保安庄站',101100,'猕猴桃',17.4),('北京保安庄站',101100,'瓜类',18.9),('北京保安庄站',101100,'甜橙',17.3),('北京保安庄站',101100,'石榴',9.6),('北京保安庄站',101100,'腰果',10),('北京保安庄站',101100,'芒果',15.5),('北京保安庄站',101100,'苹果',15.4),('北京保安庄站',101100,'草莓',6.2),('北京保安庄站',101100,'荔枝',13.8),('北京保安庄站',101100,'葡萄',10),('北京保安庄站',101100,'葡萄柚',0.2),('北京保安庄站',101100,'蒲桃',4.1),('北京保安庄站',101100,'西瓜',8.2),('北京保安庄站',101100,'西番莲',17.7),('北京保安庄站',101100,'金桔',11),('北京保安庄站',101100,'银杏',14),('北京保安庄站',101100,'青梅',11.1),('北京保安庄站',101100,'香瓜',13.3),('北京保安庄站',101100,'龙眼',14.4),('北京华英园站',100032,'人参果',12.5),('北京华英园站',100032,'哈密瓜',9),('北京华英园站',100032,'夏威夷果',17.4),('北京华英园站',100032,'山楂果',0.5),('北京华英园站',100032,'开心果',17.3),('北京华英园站',100032,'无花果',9.6),('北京华英园站',100032,'木瓜',4.6),('北京华英园站',100032,'李',14.5),('北京华英园站',100032,'杏',1.8),('北京华英园站',100032,'杏仁',10),('北京华英园站',100032,'杨桃',16.2),('北京华英园站',100032,'杨梅',5.1),('北京华英园站',100032,'松子',4.6),('北京华英园站',100032,'板栗',0.5),('北京华英园站',100032,'枇杷',1.9),('北京华英园站',100032,'枣',10),('北京华英园站',100032,'柑桔',4.1),('北京华英园站',100032,'柑橘',17.7),('北京华英园站',100032,'柚子',10),('北京华英园站',100032,'柠檬',9.6),('北京华英园站',100032,'柳丁',16.4),('北京华英园站',100032,'树莓',4.8),('北京华英园站',100032,'核桃',15.7),('北京华英园站',100032,'桂圆',12),('北京华英园站',100032,'桃子',0.5),('北京华英园站',100032,'桔子',11.1),('北京华英园站',100032,'梨',0.5),('北京华英园站',100032,'榛子',16.5),('北京华英园站',100032,'榴莲',7.8),('北京华英园站',100032,'槟榔',11.1),('北京华英园站',100032,'樱桃',11.1),('北京华英园站',100032,'橄榄',11.6),('北京华英园站',100032,'橘子',17.4),('北京华英园站',100032,'橙子',12.5),('北京华英园站',100032,'海棠果',16.4),('北京华英园站',100032,'猕猴桃',8.2),('北京华英园站',100032,'瓜类',1.8),('北京华英园站',100032,'甜橙',16.2),('北京华英园站',100032,'石榴',11.1),('北京华英园站',100032,'腰果',4.8),('北京华英园站',100032,'芒果',18.9),('北京华英园站',100032,'苹果',4.6),('北京华英园站',100032,'草莓',19.6),('北京华英园站',100032,'荔枝',4.8),('北京华英园站',100032,'葡萄',14.4),('北京华英园站',100032,'葡萄柚',12),('北京华英园站',100032,'蒲桃',14),('北京华英园站',100032,'西瓜',14.4),('北京华英园站',100032,'西番莲',14),('北京华英园站',100032,'金桔',0.2),('北京华英园站',100032,'银杏',4.1),('北京华英园站',100032,'青梅',8.5),('北京华英园站',100032,'香瓜',18.9),('北京华英园站',100032,'龙眼',10),('北京南口站',100010,'人参果',10),('北京南口站',100010,'哈密瓜',16.4),('北京南口站',100010,'夏威夷果',13.3),('北京南口站',100010,'山楂果',7.8),('北京南口站',100010,'开心果',17.3),('北京南口站',100010,'无花果',15.4),('北京南口站',100010,'木瓜',15.4),('北京南口站',100010,'李',16.2),('北京南口站',100010,'杏',8.5),('北京南口站',100010,'杏仁',14.5),('北京南口站',100010,'杨桃',16.2),('北京南口站',100010,'杨梅',6.3),('北京南口站',100010,'松子',17.4),('北京南口站',100010,'板栗',15.4),('北京南口站',100010,'枇杷',0.5),('北京南口站',100010,'枣',14.5),('北京南口站',100010,'柑桔',1.8),('北京南口站',100010,'柑橘',17.7),('北京南口站',100010,'柚子',9.2),('北京南口站',100010,'柠檬',4.8),('北京南口站',100010,'柳丁',18.9),('北京南口站',100010,'树莓',14.4),('北京南口站',100010,'核桃',0.2),('北京南口站',100010,'桂圆',7.8),('北京南口站',100010,'桃子',12.5),('北京南口站',100010,'桔子',17.7),('北京南口站',100010,'梨',1.8),('北京南口站',100010,'榛子',8.5),('北京南口站',100010,'榴莲',17.7),('北京南口站',100010,'槟榔',5.1),('北京南口站',100010,'樱桃',16.2),('北京南口站',100010,'橄榄',4.6),('北京南口站',100010,'橘子',0.6),('北京南口站',100010,'橙子',16.2),('北京南口站',100010,'海棠果',12),('北京南口站',100010,'猕猴桃',8.5),('北京南口站',100010,'瓜类',1.8),('北京南口站',100010,'甜橙',0.5),('北京南口站',100010,'石榴',14),('北京南口站',100010,'腰果',15.8),('北京南口站',100010,'芒果',17.7),('北京南口站',100010,'苹果',15.4),('北京南口站',100010,'草莓',12),('北京南口站',100010,'荔枝',14.3),('北京南口站',100010,'葡萄',17.3),('北京南口站',100010,'葡萄柚',0.2),('北京南口站',100010,'蒲桃',20),('北京南口站',100010,'西瓜',4.8),('北京南口站',100010,'西番莲',1.3),('北京南口站',100010,'金桔',4.8),('北京南口站',100010,'银杏',9),('北京南口站',100010,'青梅',11.1),('北京南口站',100010,'香瓜',4.6),('北京南口站',100010,'龙眼',9.6),('北京南邵站',100080,'人参果',16.5),('北京南邵站',100080,'哈密瓜',10),('北京南邵站',100080,'夏威夷果',4.8),('北京南邵站',100080,'山楂果',12),('北京南邵站',100080,'开心果',14),('北京南邵站',100080,'无花果',15.8),('北京南邵站',100080,'木瓜',0.2),('北京南邵站',100080,'李',16.2),('北京南邵站',100080,'杏',16.2),('北京南邵站',100080,'杏仁',12),('北京南邵站',100080,'杨桃',4.8),('北京南邵站',100080,'杨梅',1.4),('北京南邵站',100080,'松子',1.3),('北京南邵站',100080,'板栗',16.2),('北京南邵站',100080,'枇杷',14.3),('北京南邵站',100080,'枣',6.3),('北京南邵站',100080,'柑桔',14.4),('北京南邵站',100080,'柑橘',16.4),('北京南邵站',100080,'柚子',17.7),('北京南邵站',100080,'柠檬',16.4),('北京南邵站',100080,'柳丁',13.3),('北京南邵站',100080,'树莓',4.8),('北京南邵站',100080,'核桃',6.3),('北京南邵站',100080,'桂圆',15.4),('北京南邵站',100080,'桃子',16.2),('北京南邵站',100080,'桔子',16.4),('北京南邵站',100080,'梨',15.4),('北京南邵站',100080,'榛子',16.5),('北京南邵站',100080,'榴莲',12),('北京南邵站',100080,'槟榔',16.4),('北京南邵站',100080,'樱桃',10),('北京南邵站',100080,'橄榄',17.7),('北京南邵站',100080,'橘子',15.5),('北京南邵站',100080,'橙子',10),('北京南邵站',100080,'海棠果',4.6),('北京南邵站',100080,'猕猴桃',17.3),('北京南邵站',100080,'瓜类',13.3),('北京南邵站',100080,'甜橙',0.5),('北京南邵站',100080,'石榴',13.3),('北京南邵站',100080,'腰果',8.2),('北京南邵站',100080,'芒果',1.8),('北京南邵站',100080,'苹果',12),('北京南邵站',100080,'草莓',14.3),('北京南邵站',100080,'荔枝',12),('北京南邵站',100080,'葡萄',1.8),('北京南邵站',100080,'葡萄柚',1.8),('北京南邵站',100080,'蒲桃',10),('北京南邵站',100080,'西瓜',6.3),('北京南邵站',100080,'西番莲',6.3),('北京南邵站',100080,'金桔',16.4),('北京南邵站',100080,'银杏',4.1),('北京南邵站',100080,'青梅',10),('北京南邵站',100080,'香瓜',16.4),('北京南邵站',100080,'龙眼',9.6),('北京双树站',100020,'人参果',13.3),('北京双树站',100020,'哈密瓜',16.2),('北京双树站',100020,'夏威夷果',1.3),('北京双树站',100020,'山楂果',14),('北京双树站',100020,'开心果',10),('北京双树站',100020,'无花果',1.8),('北京双树站',100020,'木瓜',1.4),('北京双树站',100020,'李',15.5),('北京双树站',100020,'杏',4.1),('北京双树站',100020,'杏仁',20),('北京双树站',100020,'杨桃',8.5),('北京双树站',100020,'杨梅',0.2),('北京双树站',100020,'松子',16.4),('北京双树站',100020,'板栗',17.7),('北京双树站',100020,'枇杷',1.3),('北京双树站',100020,'枣',12),('北京双树站',100020,'柑桔',16.4),('北京双树站',100020,'柑橘',1.8),('北京双树站',100020,'柚子',4.1),('北京双树站',100020,'柠檬',11),('北京双树站',100020,'柳丁',16.4),('北京双树站',100020,'树莓',9.6),('北京双树站',100020,'核桃',4.6),('北京双树站',100020,'桂圆',10),('北京双树站',100020,'桃子',1.4),('北京双树站',100020,'桔子',0.2),('北京双树站',100020,'梨',14.5),('北京双树站',100020,'榛子',20),('北京双树站',100020,'榴莲',9.9),('北京双树站',100020,'槟榔',14),('北京双树站',100020,'樱桃',8.2),('北京双树站',100020,'橄榄',1.4),('北京双树站',100020,'橘子',13.3),('北京双树站',100020,'橙子',9.6),('北京双树站',100020,'海棠果',13.8),('北京双树站',100020,'猕猴桃',4.6),('北京双树站',100020,'瓜类',11),('北京双树站',100020,'甜橙',6.2),('北京双树站',100020,'石榴',16.4),('北京双树站',100020,'腰果',11),('北京双树站',100020,'芒果',20),('北京双树站',100020,'苹果',0.5),('北京双树站',100020,'草莓',16.5),('北京双树站',100020,'荔枝',4.6),('北京双树站',100020,'葡萄',17.7),('北京双树站',100020,'葡萄柚',16.5),('北京双树站',100020,'蒲桃',10),('北京双树站',100020,'西瓜',14),('北京双树站',100020,'西番莲',11),('北京双树站',100020,'金桔',7.8),('北京双树站',100020,'银杏',17.3),('北京双树站',100020,'青梅',17.3),('北京双树站',100020,'香瓜',7.8),('北京双树站',100020,'龙眼',17.7),('北京古城站',101100,'人参果',14.4),('北京古城站',101100,'哈密瓜',9.6),('北京古城站',101100,'夏威夷果',16.2),('北京古城站',101100,'山楂果',1.4),('北京古城站',101100,'开心果',11.1),('北京古城站',101100,'无花果',10),('北京古城站',101100,'木瓜',14),('北京古城站',101100,'李',14.5),('北京古城站',101100,'杏',7.8),('北京古城站',101100,'杏仁',5.1),('北京古城站',101100,'杨桃',10),('北京古城站',101100,'杨梅',10),('北京古城站',101100,'松子',14.4),('北京古城站',101100,'板栗',15.4),('北京古城站',101100,'枇杷',17.4),('北京古城站',101100,'枣',4.1),('北京古城站',101100,'柑桔',18.9),('北京古城站',101100,'柑橘',10),('北京古城站',101100,'柚子',15.5),('北京古城站',101100,'柠檬',17.7),('北京古城站',101100,'柳丁',1.8),('北京古城站',101100,'树莓',1.4),('北京古城站',101100,'核桃',9.6),('北京古城站',101100,'桂圆',15.8),('北京古城站',101100,'桃子',4.8),('北京古城站',101100,'桔子',12),('北京古城站',101100,'梨',10),('北京古城站',101100,'榛子',0.6),('北京古城站',101100,'榴莲',14.5),('北京古城站',101100,'槟榔',16.2),('北京古城站',101100,'樱桃',9.6),('北京古城站',101100,'橄榄',4.8),('北京古城站',101100,'橘子',16.4),('北京古城站',101100,'橙子',12),('北京古城站',101100,'海棠果',14.5),('北京古城站',101100,'猕猴桃',6.2),('北京古城站',101100,'瓜类',10),('北京古城站',101100,'甜橙',17.3),('北京古城站',101100,'石榴',16.4),('北京古城站',101100,'腰果',9),('北京古城站',101100,'芒果',7.8),('北京古城站',101100,'苹果',17.7),('北京古城站',101100,'草莓',16.5),('北京古城站',101100,'荔枝',9),('北京古城站',101100,'葡萄',16.4),('北京古城站',101100,'葡萄柚',0.5),('北京古城站',101100,'蒲桃',7.8),('北京古城站',101100,'西瓜',17.3),('北京古城站',101100,'西番莲',7.8),('北京古城站',101100,'金桔',12),('北京古城站',101100,'银杏',0.5),('北京古城站',101100,'青梅',19.6),('北京古城站',101100,'香瓜',9.6),('北京古城站',101100,'龙眼',1.8),('北京吉祥里站',100043,'人参果',13.3),('北京吉祥里站',100043,'哈密瓜',8.2),('北京吉祥里站',100043,'夏威夷果',16.2),('北京吉祥里站',100043,'山楂果',5.1),('北京吉祥里站',100043,'开心果',4.8),('北京吉祥里站',100043,'无花果',0.5),('北京吉祥里站',100043,'木瓜',20),('北京吉祥里站',100043,'李',1.4),('北京吉祥里站',100043,'杏',16.4),('北京吉祥里站',100043,'杏仁',9.9),('北京吉祥里站',100043,'杨桃',0.5),('北京吉祥里站',100043,'杨梅',15.5),('北京吉祥里站',100043,'松子',17.4),('北京吉祥里站',100043,'板栗',0.5),('北京吉祥里站',100043,'枇杷',13.3),('北京吉祥里站',100043,'枣',0.2),('北京吉祥里站',100043,'柑桔',14.4),('北京吉祥里站',100043,'柑橘',4.1),('北京吉祥里站',100043,'柚子',12),('北京吉祥里站',100043,'柠檬',6.3),('北京吉祥里站',100043,'柳丁',8.2),('北京吉祥里站',100043,'树莓',10),('北京吉祥里站',100043,'核桃',11.1),('北京吉祥里站',100043,'桂圆',16.5),('北京吉祥里站',100043,'桃子',9.6),('北京吉祥里站',100043,'桔子',10),('北京吉祥里站',100043,'梨',15.5),('北京吉祥里站',100043,'榛子',9),('北京吉祥里站',100043,'榴莲',12),('北京吉祥里站',100043,'槟榔',15.4),('北京吉祥里站',100043,'樱桃',12),('北京吉祥里站',100043,'橄榄',15.5),('北京吉祥里站',100043,'橘子',0.6),('北京吉祥里站',100043,'橙子',12),('北京吉祥里站',100043,'海棠果',4.8),('北京吉祥里站',100043,'猕猴桃',0.2),('北京吉祥里站',100043,'瓜类',13.3),('北京吉祥里站',100043,'甜橙',15.4),('北京吉祥里站',100043,'石榴',0.2),('北京吉祥里站',100043,'腰果',9.2),('北京吉祥里站',100043,'芒果',17.7),('北京吉祥里站',100043,'苹果',16.2),('北京吉祥里站',100043,'草莓',15.5),('北京吉祥里站',100043,'荔枝',8.5),('北京吉祥里站',100043,'葡萄',16.5),('北京吉祥里站',100043,'葡萄柚',4.1),('北京吉祥里站',100043,'蒲桃',10),('北京吉祥里站',100043,'西瓜',15.4),('北京吉祥里站',100043,'西番莲',12.5),('北京吉祥里站',100043,'金桔',9.6),('北京吉祥里站',100043,'银杏',14),('北京吉祥里站',100043,'青梅',15.4),('北京吉祥里站',100043,'香瓜',12),('北京吉祥里站',100043,'龙眼',15.4),('北京大东园站',102600,'人参果',5.1),('北京大东园站',102600,'哈密瓜',17.7),('北京大东园站',102600,'夏威夷果',19.6),('北京大东园站',102600,'山楂果',0.6),('北京大东园站',102600,'开心果',12.5),('北京大东园站',102600,'无花果',14),('北京大东园站',102600,'木瓜',1.8),('北京大东园站',102600,'李',8.2),('北京大东园站',102600,'杏',12.5),('北京大东园站',102600,'杏仁',1.4),('北京大东园站',102600,'杨桃',10),('北京大东园站',102600,'杨梅',15.4),('北京大东园站',102600,'松子',13.3),('北京大东园站',102600,'板栗',10),('北京大东园站',102600,'枇杷',13.8),('北京大东园站',102600,'枣',12),('北京大东园站',102600,'柑桔',5.1),('北京大东园站',102600,'柑橘',7.8),('北京大东园站',102600,'柚子',11),('北京大东园站',102600,'柠檬',16.2),('北京大东园站',102600,'柳丁',0.5),('北京大东园站',102600,'树莓',16.2),('北京大东园站',102600,'核桃',9.2),('北京大东园站',102600,'桂圆',1.4),('北京大东园站',102600,'桃子',9.6),('北京大东园站',102600,'桔子',6.2),('北京大东园站',102600,'梨',16.2),('北京大东园站',102600,'榛子',16.2),('北京大东园站',102600,'榴莲',11.1),('北京大东园站',102600,'槟榔',1.4),('北京大东园站',102600,'樱桃',18),('北京大东园站',102600,'橄榄',4.8),('北京大东园站',102600,'橘子',14),('北京大东园站',102600,'橙子',8.5),('北京大东园站',102600,'海棠果',1.9),('北京大东园站',102600,'猕猴桃',19.6),('北京大东园站',102600,'瓜类',6.2),('北京大东园站',102600,'甜橙',16.2),('北京大东园站',102600,'石榴',14.4),('北京大东园站',102600,'腰果',7.8),('北京大东园站',102600,'芒果',1.3),('北京大东园站',102600,'苹果',15.4),('北京大东园站',102600,'草莓',18),('北京大东园站',102600,'荔枝',15.7),('北京大东园站',102600,'葡萄',13.8),('北京大东园站',102600,'葡萄柚',15.5),('北京大东园站',102600,'蒲桃',4.6),('北京大东园站',102600,'西瓜',15.8),('北京大东园站',102600,'西番莲',4.8),('北京大东园站',102600,'金桔',6.3),('北京大东园站',102600,'银杏',18.9),('北京大东园站',102600,'青梅',1.9),('北京大东园站',102600,'香瓜',20),('北京大东园站',102600,'龙眼',18),('北京天坛站',100032,'人参果',1.4),('北京天坛站',100032,'哈密瓜',11),('北京天坛站',100032,'夏威夷果',13.3),('北京天坛站',100032,'山楂果',7.8),('北京天坛站',100032,'开心果',0.6),('北京天坛站',100032,'无花果',11.1),('北京天坛站',100032,'木瓜',10),('北京天坛站',100032,'李',0.5),('北京天坛站',100032,'杏',4.1),('北京天坛站',100032,'杏仁',6.3),('北京天坛站',100032,'杨桃',0.2),('北京天坛站',100032,'杨梅',0.5),('北京天坛站',100032,'松子',9.2),('北京天坛站',100032,'板栗',0.2),('北京天坛站',100032,'枇杷',12),('北京天坛站',100032,'枣',4.1),('北京天坛站',100032,'柑桔',0.6),('北京天坛站',100032,'柑橘',11.1),('北京天坛站',100032,'柚子',5.1),('北京天坛站',100032,'柠檬',17.4),('北京天坛站',100032,'柳丁',16.4),('北京天坛站',100032,'树莓',10),('北京天坛站',100032,'核桃',8.5),('北京天坛站',100032,'桂圆',11),('北京天坛站',100032,'桃子',4.8),('北京天坛站',100032,'桔子',4.1),('北京天坛站',100032,'梨',15.4),('北京天坛站',100032,'榛子',9.9),('北京天坛站',100032,'榴莲',0.5),('北京天坛站',100032,'槟榔',1.9),('北京天坛站',100032,'樱桃',0.2),('北京天坛站',100032,'橄榄',7.8),('北京天坛站',100032,'橘子',5.1),('北京天坛站',100032,'橙子',4.8),('北京天坛站',100032,'海棠果',7.8),('北京天坛站',100032,'猕猴桃',4.6),('北京天坛站',100032,'瓜类',9.6),('北京天坛站',100032,'甜橙',20),('北京天坛站',100032,'石榴',12),('北京天坛站',100032,'腰果',11),('北京天坛站',100032,'芒果',0.6),('北京天坛站',100032,'苹果',12),('北京天坛站',100032,'草莓',19.6),('北京天坛站',100032,'荔枝',19.6),('北京天坛站',100032,'葡萄',16.4),('北京天坛站',100032,'葡萄柚',17.7),('北京天坛站',100032,'蒲桃',0.5),('北京天坛站',100032,'西瓜',4.8),('北京天坛站',100032,'西番莲',5.1),('北京天坛站',100032,'金桔',1.8),('北京天坛站',100032,'银杏',20),('北京天坛站',100032,'青梅',1.8),('北京天坛站',100032,'香瓜',12),('北京天坛站',100032,'龙眼',8.5),('北京天宫院站',100020,'人参果',1.8),('北京天宫院站',100020,'哈密瓜',15.4),('北京天宫院站',100020,'夏威夷果',1.4),('北京天宫院站',100020,'山楂果',9.9),('北京天宫院站',100020,'开心果',14.4),('北京天宫院站',100020,'无花果',5.1),('北京天宫院站',100020,'木瓜',15.4),('北京天宫院站',100020,'李',1.8),('北京天宫院站',100020,'杏',4.1),('北京天宫院站',100020,'杏仁',1.8),('北京天宫院站',100020,'杨桃',11.1),('北京天宫院站',100020,'杨梅',10),('北京天宫院站',100020,'松子',5.1),('北京天宫院站',100020,'板栗',8.2),('北京天宫院站',100020,'枇杷',13.3),('北京天宫院站',100020,'枣',15.7),('北京天宫院站',100020,'柑桔',0.6),('北京天宫院站',100020,'柑橘',6.3),('北京天宫院站',100020,'柚子',10),('北京天宫院站',100020,'柠檬',18.9),('北京天宫院站',100020,'柳丁',16.2),('北京天宫院站',100020,'树莓',4.6),('北京天宫院站',100020,'核桃',6.2),('北京天宫院站',100020,'桂圆',15.8),('北京天宫院站',100020,'桃子',4.8),('北京天宫院站',100020,'桔子',6.2),('北京天宫院站',100020,'梨',4.8),('北京天宫院站',100020,'榛子',7.8),('北京天宫院站',100020,'榴莲',9.6),('北京天宫院站',100020,'槟榔',12),('北京天宫院站',100020,'樱桃',4.6),('北京天宫院站',100020,'橄榄',17.3),('北京天宫院站',100020,'橘子',4.8),('北京天宫院站',100020,'橙子',12),('北京天宫院站',100020,'海棠果',13.3),('北京天宫院站',100020,'猕猴桃',4.6),('北京天宫院站',100020,'瓜类',0.6),('北京天宫院站',100020,'甜橙',1.9),('北京天宫院站',100020,'石榴',14.5),('北京天宫院站',100020,'腰果',12.5),('北京天宫院站',100020,'芒果',10),('北京天宫院站',100020,'苹果',15.4),('北京天宫院站',100020,'草莓',10),('北京天宫院站',100020,'荔枝',13.8),('北京天宫院站',100020,'葡萄',1.8),('北京天宫院站',100020,'葡萄柚',15.4),('北京天宫院站',100020,'蒲桃',1.8),('北京天宫院站',100020,'西瓜',12),('北京天宫院站',100020,'西番莲',8.2),('北京天宫院站',100020,'金桔',15.7),('北京天宫院站',100020,'银杏',10),('北京天宫院站',100020,'青梅',12),('北京天宫院站',100020,'香瓜',11),('北京天宫院站',100020,'龙眼',7.8),('北京太平家园站',100032,'人参果',0.2),('北京太平家园站',100032,'哈密瓜',1.9),('北京太平家园站',100032,'夏威夷果',1.3),('北京太平家园站',100032,'山楂果',6.2),('北京太平家园站',100032,'开心果',17.7),('北京太平家园站',100032,'无花果',14.4),('北京太平家园站',100032,'木瓜',1.4),('北京太平家园站',100032,'李',14.5),('北京太平家园站',100032,'杏',12),('北京太平家园站',100032,'杏仁',11.1),('北京太平家园站',100032,'杨桃',17.4),('北京太平家园站',100032,'杨梅',7.8),('北京太平家园站',100032,'松子',16.4),('北京太平家园站',100032,'板栗',1.3),('北京太平家园站',100032,'枇杷',0.2),('北京太平家园站',100032,'枣',17.3),('北京太平家园站',100032,'柑桔',18.9),('北京太平家园站',100032,'柑橘',17.7),('北京太平家园站',100032,'柚子',1.8),('北京太平家园站',100032,'柠檬',16.2),('北京太平家园站',100032,'柳丁',4.1),('北京太平家园站',100032,'树莓',4.1),('北京太平家园站',100032,'核桃',4.1),('北京太平家园站',100032,'桂圆',15.7),('北京太平家园站',100032,'桃子',4.6),('北京太平家园站',100032,'桔子',9.2),('北京太平家园站',100032,'梨',17.4),('北京太平家园站',100032,'榛子',12),('北京太平家园站',100032,'榴莲',4.1),('北京太平家园站',100032,'槟榔',17.3),('北京太平家园站',100032,'樱桃',1.9),('北京太平家园站',100032,'橄榄',4.1),('北京太平家园站',100032,'橘子',0.2),('北京太平家园站',100032,'橙子',12),('北京太平家园站',100032,'海棠果',13.3),('北京太平家园站',100032,'猕猴桃',9),('北京太平家园站',100032,'瓜类',1.3),('北京太平家园站',100032,'甜橙',12.5),('北京太平家园站',100032,'石榴',12),('北京太平家园站',100032,'腰果',12),('北京太平家园站',100032,'芒果',17.7),('北京太平家园站',100032,'苹果',8.2),('北京太平家园站',100032,'草莓',9.6),('北京太平家园站',100032,'荔枝',15.7),('北京太平家园站',100032,'葡萄',18.9),('北京太平家园站',100032,'葡萄柚',4.8),('北京太平家园站',100032,'蒲桃',6.3),('北京太平家园站',100032,'西瓜',4.1),('北京太平家园站',100032,'西番莲',15.4),('北京太平家园站',100032,'金桔',12),('北京太平家园站',100032,'银杏',1.8),('北京太平家园站',100032,'青梅',13.8),('北京太平家园站',100032,'香瓜',9.9),('北京太平家园站',100032,'龙眼',15.8),('北京太阳公元站',100043,'人参果',9.6),('北京太阳公元站',100043,'哈密瓜',12.5),('北京太阳公元站',100043,'夏威夷果',16.2),('北京太阳公元站',100043,'山楂果',10),('北京太阳公元站',100043,'开心果',16.5),('北京太阳公元站',100043,'无花果',11.1),('北京太阳公元站',100043,'木瓜',12),('北京太阳公元站',100043,'李',9.9),('北京太阳公元站',100043,'杏',4.8),('北京太阳公元站',100043,'杏仁',4.8),('北京太阳公元站',100043,'杨桃',16.5),('北京太阳公元站',100043,'杨梅',9.2),('北京太阳公元站',100043,'松子',13.3),('北京太阳公元站',100043,'板栗',16.5),('北京太阳公元站',100043,'枇杷',13.3),('北京太阳公元站',100043,'枣',15.5),('北京太阳公元站',100043,'柑桔',9.6),('北京太阳公元站',100043,'柑橘',0.6),('北京太阳公元站',100043,'柚子',14.5),('北京太阳公元站',100043,'柠檬',14.5),('北京太阳公元站',100043,'柳丁',16.2),('北京太阳公元站',100043,'树莓',12),('北京太阳公元站',100043,'核桃',12),('北京太阳公元站',100043,'桂圆',14.5),('北京太阳公元站',100043,'桃子',4.6),('北京太阳公元站',100043,'桔子',1.4),('北京太阳公元站',100043,'梨',4.8),('北京太阳公元站',100043,'榛子',15.8),('北京太阳公元站',100043,'榴莲',15.7),('北京太阳公元站',100043,'槟榔',13.3),('北京太阳公元站',100043,'樱桃',18.9),('北京太阳公元站',100043,'橄榄',6.2),('北京太阳公元站',100043,'橘子',1.9),('北京太阳公元站',100043,'橙子',8.2),('北京太阳公元站',100043,'海棠果',9.6),('北京太阳公元站',100043,'猕猴桃',0.2),('北京太阳公元站',100043,'瓜类',4.1),('北京太阳公元站',100043,'甜橙',9.6),('北京太阳公元站',100043,'石榴',17.4),('北京太阳公元站',100043,'腰果',15.8),('北京太阳公元站',100043,'芒果',13.3),('北京太阳公元站',100043,'苹果',13.3),('北京太阳公元站',100043,'草莓',0.2),('北京太阳公元站',100043,'荔枝',15.4),('北京太阳公元站',100043,'葡萄',9.2),('北京太阳公元站',100043,'葡萄柚',1.9),('北京太阳公元站',100043,'蒲桃',11.1),('北京太阳公元站',100043,'西瓜',17.7),('北京太阳公元站',100043,'西番莲',13.8),('北京太阳公元站',100043,'金桔',10),('北京太阳公元站',100043,'银杏',1.8),('北京太阳公元站',100043,'青梅',1.8),('北京太阳公元站',100043,'香瓜',0.5),('北京太阳公元站',100043,'龙眼',14),('北京媒体村站',100032,'人参果',10),('北京媒体村站',100032,'哈密瓜',17.7),('北京媒体村站',100032,'夏威夷果',6.3),('北京媒体村站',100032,'山楂果',11.1),('北京媒体村站',100032,'开心果',14),('北京媒体村站',100032,'无花果',10),('北京媒体村站',100032,'木瓜',4.8),('北京媒体村站',100032,'李',1.4),('北京媒体村站',100032,'杏',0.2),('北京媒体村站',100032,'杏仁',11.1),('北京媒体村站',100032,'杨桃',14),('北京媒体村站',100032,'杨梅',15.8),('北京媒体村站',100032,'松子',9.6),('北京媒体村站',100032,'板栗',17.7),('北京媒体村站',100032,'枇杷',4.8),('北京媒体村站',100032,'枣',9.9),('北京媒体村站',100032,'柑桔',17.7),('北京媒体村站',100032,'柑橘',9.9),('北京媒体村站',100032,'柚子',10),('北京媒体村站',100032,'柠檬',4.1),('北京媒体村站',100032,'柳丁',9.6),('北京媒体村站',100032,'树莓',1.8),('北京媒体村站',100032,'核桃',10),('北京媒体村站',100032,'桂圆',16.2),('北京媒体村站',100032,'桃子',1.8),('北京媒体村站',100032,'桔子',1.8),('北京媒体村站',100032,'梨',18),('北京媒体村站',100032,'榛子',14),('北京媒体村站',100032,'榴莲',20),('北京媒体村站',100032,'槟榔',13.3),('北京媒体村站',100032,'樱桃',15.8),('北京媒体村站',100032,'橄榄',5.1),('北京媒体村站',100032,'橘子',17.7),('北京媒体村站',100032,'橙子',1.8),('北京媒体村站',100032,'海棠果',0.5),('北京媒体村站',100032,'猕猴桃',0.6),('北京媒体村站',100032,'瓜类',10),('北京媒体村站',100032,'甜橙',20),('北京媒体村站',100032,'石榴',12),('北京媒体村站',100032,'腰果',10),('北京媒体村站',100032,'芒果',0.5),('北京媒体村站',100032,'苹果',11.1),('北京媒体村站',100032,'草莓',1.8),('北京媒体村站',100032,'荔枝',8.2),('北京媒体村站',100032,'葡萄',17.7),('北京媒体村站',100032,'葡萄柚',18),('北京媒体村站',100032,'蒲桃',10),('北京媒体村站',100032,'西瓜',12.5),('北京媒体村站',100032,'西番莲',9.6),('北京媒体村站',100032,'金桔',4.6),('北京媒体村站',100032,'银杏',14.3),('北京媒体村站',100032,'青梅',14.3),('北京媒体村站',100032,'香瓜',9.6),('北京媒体村站',100032,'龙眼',16.4),('北京安采路站',102200,'人参果',14.5),('北京安采路站',102200,'哈密瓜',8.2),('北京安采路站',102200,'夏威夷果',16.5),('北京安采路站',102200,'山楂果',4.8),('北京安采路站',102200,'开心果',17.3),('北京安采路站',102200,'无花果',1.8),('北京安采路站',102200,'木瓜',16.2),('北京安采路站',102200,'李',14.5),('北京安采路站',102200,'杏',6.2),('北京安采路站',102200,'杏仁',11.6),('北京安采路站',102200,'杨桃',14.3),('北京安采路站',102200,'杨梅',14.4),('北京安采路站',102200,'松子',1.9),('北京安采路站',102200,'板栗',1.8),('北京安采路站',102200,'枇杷',4.8),('北京安采路站',102200,'枣',15.7),('北京安采路站',102200,'柑桔',14),('北京安采路站',102200,'柑橘',0.6),('北京安采路站',102200,'柚子',1.8),('北京安采路站',102200,'柠檬',14),('北京安采路站',102200,'柳丁',17.7),('北京安采路站',102200,'树莓',15.8),('北京安采路站',102200,'核桃',1.8),('北京安采路站',102200,'桂圆',0.6),('北京安采路站',102200,'桃子',12),('北京安采路站',102200,'桔子',4.1),('北京安采路站',102200,'梨',1.8),('北京安采路站',102200,'榛子',9),('北京安采路站',102200,'榴莲',7.8),('北京安采路站',102200,'槟榔',13.8),('北京安采路站',102200,'樱桃',11.1),('北京安采路站',102200,'橄榄',10),('北京安采路站',102200,'橘子',11.1),('北京安采路站',102200,'橙子',16.2),('北京安采路站',102200,'海棠果',4.1),('北京安采路站',102200,'猕猴桃',11.1),('北京安采路站',102200,'瓜类',1.8),('北京安采路站',102200,'甜橙',1.4),('北京安采路站',102200,'石榴',1.8),('北京安采路站',102200,'腰果',9.9),('北京安采路站',102200,'芒果',8.5),('北京安采路站',102200,'苹果',11),('北京安采路站',102200,'草莓',10),('北京安采路站',102200,'荔枝',12),('北京安采路站',102200,'葡萄',7.8),('北京安采路站',102200,'葡萄柚',15.8),('北京安采路站',102200,'蒲桃',16.2),('北京安采路站',102200,'西瓜',14),('北京安采路站',102200,'西番莲',20),('北京安采路站',102200,'金桔',9.6),('北京安采路站',102200,'银杏',1.8),('北京安采路站',102200,'青梅',4.8),('北京安采路站',102200,'香瓜',11.1),('北京安采路站',102200,'龙眼',16.5),('北京定福庄站',100043,'人参果',11),('北京定福庄站',100043,'哈密瓜',1.8),('北京定福庄站',100043,'夏威夷果',17.3),('北京定福庄站',100043,'山楂果',1.8),('北京定福庄站',100043,'开心果',18),('北京定福庄站',100043,'无花果',10),('北京定福庄站',100043,'木瓜',1.3),('北京定福庄站',100043,'李',0.2),('北京定福庄站',100043,'杏',11),('北京定福庄站',100043,'杏仁',5.1),('北京定福庄站',100043,'杨桃',1.8),('北京定福庄站',100043,'杨梅',10),('北京定福庄站',100043,'松子',4.8),('北京定福庄站',100043,'板栗',6.3),('北京定福庄站',100043,'枇杷',4.8),('北京定福庄站',100043,'枣',5.1),('北京定福庄站',100043,'柑桔',15.8),('北京定福庄站',100043,'柑橘',8.2),('北京定福庄站',100043,'柚子',14.3),('北京定福庄站',100043,'柠檬',11.1),('北京定福庄站',100043,'柳丁',12),('北京定福庄站',100043,'树莓',0.2),('北京定福庄站',100043,'核桃',4.1),('北京定福庄站',100043,'桂圆',1.8),('北京定福庄站',100043,'桃子',18),('北京定福庄站',100043,'桔子',11.6),('北京定福庄站',100043,'梨',15.4),('北京定福庄站',100043,'榛子',6.2),('北京定福庄站',100043,'榴莲',0.5),('北京定福庄站',100043,'槟榔',16.4),('北京定福庄站',100043,'樱桃',11.1),('北京定福庄站',100043,'橄榄',9.6),('北京定福庄站',100043,'橘子',19.6),('北京定福庄站',100043,'橙子',10),('北京定福庄站',100043,'海棠果',15.4),('北京定福庄站',100043,'猕猴桃',14.3),('北京定福庄站',100043,'瓜类',4.1),('北京定福庄站',100043,'甜橙',17.7),('北京定福庄站',100043,'石榴',9.6),('北京定福庄站',100043,'腰果',18),('北京定福庄站',100043,'芒果',9.2),('北京定福庄站',100043,'苹果',0.5),('北京定福庄站',100043,'草莓',5.1),('北京定福庄站',100043,'荔枝',11.6),('北京定福庄站',100043,'葡萄',15.4),('北京定福庄站',100043,'葡萄柚',0.6),('北京定福庄站',100043,'蒲桃',4.8),('北京定福庄站',100043,'西瓜',1.3),('北京定福庄站',100043,'西番莲',11),('北京定福庄站',100043,'金桔',7.8),('北京定福庄站',100043,'银杏',15.8),('北京定福庄站',100043,'青梅',1.3),('北京定福庄站',100043,'香瓜',13.8),('北京定福庄站',100043,'龙眼',18.9),('北京小屯站',102300,'人参果',7.8),('北京小屯站',102300,'哈密瓜',8.2),('北京小屯站',102300,'夏威夷果',10),('北京小屯站',102300,'山楂果',16.5),('北京小屯站',102300,'开心果',0.2),('北京小屯站',102300,'无花果',8.5),('北京小屯站',102300,'木瓜',15.4),('北京小屯站',102300,'李',4.8),('北京小屯站',102300,'杏',15.7),('北京小屯站',102300,'杏仁',8.2),('北京小屯站',102300,'杨桃',0.6),('北京小屯站',102300,'杨梅',11.1),('北京小屯站',102300,'松子',1.8),('北京小屯站',102300,'板栗',14),('北京小屯站',102300,'枇杷',4.8),('北京小屯站',102300,'枣',17.3),('北京小屯站',102300,'柑桔',19.6),('北京小屯站',102300,'柑橘',4.6),('北京小屯站',102300,'柚子',14.5),('北京小屯站',102300,'柠檬',10),('北京小屯站',102300,'柳丁',17.3),('北京小屯站',102300,'树莓',15.4),('北京小屯站',102300,'核桃',4.1),('北京小屯站',102300,'桂圆',16.2),('北京小屯站',102300,'桃子',16.5),('北京小屯站',102300,'桔子',13.3),('北京小屯站',102300,'梨',4.8),('北京小屯站',102300,'榛子',4.8),('北京小屯站',102300,'榴莲',16.4),('北京小屯站',102300,'槟榔',17.4),('北京小屯站',102300,'樱桃',16.2),('北京小屯站',102300,'橄榄',9.9),('北京小屯站',102300,'橘子',8.5),('北京小屯站',102300,'橙子',1.3),('北京小屯站',102300,'海棠果',15.7),('北京小屯站',102300,'猕猴桃',4.6),('北京小屯站',102300,'瓜类',4.1),('北京小屯站',102300,'甜橙',18),('北京小屯站',102300,'石榴',17.7),('北京小屯站',102300,'腰果',15.4),('北京小屯站',102300,'芒果',14),('北京小屯站',102300,'苹果',14.5),('北京小屯站',102300,'草莓',7.8),('北京小屯站',102300,'荔枝',1.8),('北京小屯站',102300,'葡萄',9.6),('北京小屯站',102300,'葡萄柚',9.6),('北京小屯站',102300,'蒲桃',4.8),('北京小屯站',102300,'西瓜',4.8),('北京小屯站',102300,'西番莲',19.6),('北京小屯站',102300,'金桔',4.8),('北京小屯站',102300,'银杏',16.4),('北京小屯站',102300,'青梅',8.2),('北京小屯站',102300,'香瓜',1.9),('北京小屯站',102300,'龙眼',6.2),('北京工业大学站',100032,'人参果',14),('北京工业大学站',100032,'哈密瓜',4.1),('北京工业大学站',100032,'夏威夷果',15.4),('北京工业大学站',100032,'山楂果',11.6),('北京工业大学站',100032,'开心果',13.8),('北京工业大学站',100032,'无花果',12),('北京工业大学站',100032,'木瓜',18.9),('北京工业大学站',100032,'李',14.4),('北京工业大学站',100032,'杏',14.5),('北京工业大学站',100032,'杏仁',15.4),('北京工业大学站',100032,'杨桃',0.5),('北京工业大学站',100032,'杨梅',5.1),('北京工业大学站',100032,'松子',7.8),('北京工业大学站',100032,'板栗',8.5),('北京工业大学站',100032,'枇杷',11.1),('北京工业大学站',100032,'枣',19.6),('北京工业大学站',100032,'柑桔',1.3),('北京工业大学站',100032,'柑橘',17.7),('北京工业大学站',100032,'柚子',9.9),('北京工业大学站',100032,'柠檬',1.4),('北京工业大学站',100032,'柳丁',16.2),('北京工业大学站',100032,'树莓',14),('北京工业大学站',100032,'核桃',4.1),('北京工业大学站',100032,'桂圆',10),('北京工业大学站',100032,'桃子',5.1),('北京工业大学站',100032,'桔子',16.4),('北京工业大学站',100032,'梨',4.8),('北京工业大学站',100032,'榛子',16.2),('北京工业大学站',100032,'榴莲',9),('北京工业大学站',100032,'槟榔',15.4),('北京工业大学站',100032,'樱桃',15.7),('北京工业大学站',100032,'橄榄',14.5),('北京工业大学站',100032,'橘子',4.6),('北京工业大学站',100032,'橙子',17.3),('北京工业大学站',100032,'海棠果',13.3),('北京工业大学站',100032,'猕猴桃',0.2),('北京工业大学站',100032,'瓜类',17.4),('北京工业大学站',100032,'甜橙',8.2),('北京工业大学站',100032,'石榴',12),('北京工业大学站',100032,'腰果',4.1),('北京工业大学站',100032,'芒果',12.5),('北京工业大学站',100032,'苹果',11),('北京工业大学站',100032,'草莓',9.6),('北京工业大学站',100032,'荔枝',15.4),('北京工业大学站',100032,'葡萄',14.3),('北京工业大学站',100032,'葡萄柚',1.9),('北京工业大学站',100032,'蒲桃',14),('北京工业大学站',100032,'西瓜',8.2),('北京工业大学站',100032,'西番莲',4.6),('北京工业大学站',100032,'金桔',0.5),('北京工业大学站',100032,'银杏',0.2),('北京工业大学站',100032,'青梅',15.8),('北京工业大学站',100032,'香瓜',4.1),('北京工业大学站',100032,'龙眼',5.1),('北京常乐站',102200,'人参果',0.6),('北京常乐站',102200,'哈密瓜',1.8),('北京常乐站',102200,'夏威夷果',14.4),('北京常乐站',102200,'山楂果',7.8),('北京常乐站',102200,'开心果',15.7),('北京常乐站',102200,'无花果',1.9),('北京常乐站',102200,'木瓜',1.9),('北京常乐站',102200,'李',15.4),('北京常乐站',102200,'杏',17.3),('北京常乐站',102200,'杏仁',10),('北京常乐站',102200,'杨桃',4.1),('北京常乐站',102200,'杨梅',1.9),('北京常乐站',102200,'松子',9.6),('北京常乐站',102200,'板栗',1.8),('北京常乐站',102200,'枇杷',14),('北京常乐站',102200,'枣',4.8),('北京常乐站',102200,'柑桔',11.1),('北京常乐站',102200,'柑橘',16.4),('北京常乐站',102200,'柚子',14),('北京常乐站',102200,'柠檬',7.8),('北京常乐站',102200,'柳丁',14),('北京常乐站',102200,'树莓',1.9),('北京常乐站',102200,'核桃',11.6),('北京常乐站',102200,'桂圆',4.1),('北京常乐站',102200,'桃子',9.6),('北京常乐站',102200,'桔子',10),('北京常乐站',102200,'梨',12),('北京常乐站',102200,'榛子',7.8),('北京常乐站',102200,'榴莲',4.8),('北京常乐站',102200,'槟榔',17.7),('北京常乐站',102200,'樱桃',16.4),('北京常乐站',102200,'橄榄',17.3),('北京常乐站',102200,'橘子',10),('北京常乐站',102200,'橙子',17.4),('北京常乐站',102200,'海棠果',13.3),('北京常乐站',102200,'猕猴桃',15.4),('北京常乐站',102200,'瓜类',10),('北京常乐站',102200,'甜橙',4.8),('北京常乐站',102200,'石榴',8.5),('北京常乐站',102200,'腰果',4.1),('北京常乐站',102200,'芒果',17.3),('北京常乐站',102200,'苹果',13.3),('北京常乐站',102200,'草莓',16.2),('北京常乐站',102200,'荔枝',19.6),('北京常乐站',102200,'葡萄',14.5),('北京常乐站',102200,'葡萄柚',12),('北京常乐站',102200,'蒲桃',15.8),('北京常乐站',102200,'西瓜',11.6),('北京常乐站',102200,'西番莲',6.2),('北京常乐站',102200,'金桔',6.3),('北京常乐站',102200,'银杏',0.5),('北京常乐站',102200,'青梅',16.2),('北京常乐站',102200,'香瓜',10),('北京常乐站',102200,'龙眼',4.1),('北京建新庄站',102600,'人参果',13.3),('北京建新庄站',102600,'哈密瓜',15.8),('北京建新庄站',102600,'夏威夷果',4.8),('北京建新庄站',102600,'山楂果',4.8),('北京建新庄站',102600,'开心果',17.7),('北京建新庄站',102600,'无花果',9),('北京建新庄站',102600,'木瓜',16.2),('北京建新庄站',102600,'李',19.6),('北京建新庄站',102600,'杏',4.8),('北京建新庄站',102600,'杏仁',9),('北京建新庄站',102600,'杨桃',10),('北京建新庄站',102600,'杨梅',8.5),('北京建新庄站',102600,'松子',0.5),('北京建新庄站',102600,'板栗',0.5),('北京建新庄站',102600,'枇杷',6.3),('北京建新庄站',102600,'枣',11.1),('北京建新庄站',102600,'柑桔',9.2),('北京建新庄站',102600,'柑橘',17.4),('北京建新庄站',102600,'柚子',12),('北京建新庄站',102600,'柠檬',16.4),('北京建新庄站',102600,'柳丁',16.4),('北京建新庄站',102600,'树莓',4.8),('北京建新庄站',102600,'核桃',1.8),('北京建新庄站',102600,'桂圆',0.5),('北京建新庄站',102600,'桃子',14),('北京建新庄站',102600,'桔子',14.5),('北京建新庄站',102600,'梨',1.4),('北京建新庄站',102600,'榛子',0.6),('北京建新庄站',102600,'榴莲',15.8),('北京建新庄站',102600,'槟榔',0.2),('北京建新庄站',102600,'樱桃',15.4),('北京建新庄站',102600,'橄榄',0.2),('北京建新庄站',102600,'橘子',7.8),('北京建新庄站',102600,'橙子',10),('北京建新庄站',102600,'海棠果',10),('北京建新庄站',102600,'猕猴桃',0.2),('北京建新庄站',102600,'瓜类',18),('北京建新庄站',102600,'甜橙',9.6),('北京建新庄站',102600,'石榴',12),('北京建新庄站',102600,'腰果',11.6),('北京建新庄站',102600,'芒果',16.4),('北京建新庄站',102600,'苹果',11),('北京建新庄站',102600,'草莓',1.4),('北京建新庄站',102600,'荔枝',17.3),('北京建新庄站',102600,'葡萄',9.6),('北京建新庄站',102600,'葡萄柚',13.8),('北京建新庄站',102600,'蒲桃',12.5),('北京建新庄站',102600,'西瓜',1.9),('北京建新庄站',102600,'西番莲',14),('北京建新庄站',102600,'金桔',10),('北京建新庄站',102600,'银杏',13.3),('北京建新庄站',102600,'青梅',8.5),('北京建新庄站',102600,'香瓜',1.9),('北京建新庄站',102600,'龙眼',12.5),('北京成寿寺站',102200,'人参果',16.2),('北京成寿寺站',102200,'哈密瓜',16.4),('北京成寿寺站',102200,'夏威夷果',17.4),('北京成寿寺站',102200,'山楂果',11.6),('北京成寿寺站',102200,'开心果',14.3),('北京成寿寺站',102200,'无花果',0.6),('北京成寿寺站',102200,'木瓜',1.9),('北京成寿寺站',102200,'李',4.1),('北京成寿寺站',102200,'杏',14.4),('北京成寿寺站',102200,'杏仁',14),('北京成寿寺站',102200,'杨桃',15.7),('北京成寿寺站',102200,'杨梅',4.1),('北京成寿寺站',102200,'松子',14),('北京成寿寺站',102200,'板栗',10),('北京成寿寺站',102200,'枇杷',0.2),('北京成寿寺站',102200,'枣',17.3),('北京成寿寺站',102200,'柑桔',6.2),('北京成寿寺站',102200,'柑橘',17.7),('北京成寿寺站',102200,'柚子',13.3),('北京成寿寺站',102200,'柠檬',14),('北京成寿寺站',102200,'柳丁',1.8),('北京成寿寺站',102200,'树莓',17.7),('北京成寿寺站',102200,'核桃',4.1),('北京成寿寺站',102200,'桂圆',4.1),('北京成寿寺站',102200,'桃子',1.8),('北京成寿寺站',102200,'桔子',10),('北京成寿寺站',102200,'梨',15.7),('北京成寿寺站',102200,'榛子',5.1),('北京成寿寺站',102200,'榴莲',8.2),('北京成寿寺站',102200,'槟榔',1.3),('北京成寿寺站',102200,'樱桃',11.6),('北京成寿寺站',102200,'橄榄',4.1),('北京成寿寺站',102200,'橘子',10),('北京成寿寺站',102200,'橙子',13.3),('北京成寿寺站',102200,'海棠果',8.2),('北京成寿寺站',102200,'猕猴桃',19.6),('北京成寿寺站',102200,'瓜类',11),('北京成寿寺站',102200,'甜橙',18.9),('北京成寿寺站',102200,'石榴',16.2),('北京成寿寺站',102200,'腰果',0.2),('北京成寿寺站',102200,'芒果',9.9),('北京成寿寺站',102200,'苹果',0.2),('北京成寿寺站',102200,'草莓',8.2),('北京成寿寺站',102200,'荔枝',9.9),('北京成寿寺站',102200,'葡萄',15.5),('北京成寿寺站',102200,'葡萄柚',18.9),('北京成寿寺站',102200,'蒲桃',0.6),('北京成寿寺站',102200,'西瓜',8.2),('北京成寿寺站',102200,'西番莲',9.9),('北京成寿寺站',102200,'金桔',10),('北京成寿寺站',102200,'银杏',4.1),('北京成寿寺站',102200,'青梅',16.5),('北京成寿寺站',102200,'香瓜',16.2),('北京成寿寺站',102200,'龙眼',19.6),('北京新华联站',102300,'人参果',13.3),('北京新华联站',102300,'哈密瓜',18.9),('北京新华联站',102300,'夏威夷果',14.4),('北京新华联站',102300,'山楂果',10),('北京新华联站',102300,'开心果',8.5),('北京新华联站',102300,'无花果',9.6),('北京新华联站',102300,'木瓜',4.1),('北京新华联站',102300,'李',15.7),('北京新华联站',102300,'杏',17.4),('北京新华联站',102300,'杏仁',10),('北京新华联站',102300,'杨桃',17.3),('北京新华联站',102300,'杨梅',1.9),('北京新华联站',102300,'松子',20),('北京新华联站',102300,'板栗',13.3),('北京新华联站',102300,'枇杷',11.6),('北京新华联站',102300,'枣',14),('北京新华联站',102300,'柑桔',0.5),('北京新华联站',102300,'柑橘',14),('北京新华联站',102300,'柚子',15.8),('北京新华联站',102300,'柠檬',14),('北京新华联站',102300,'柳丁',16.2),('北京新华联站',102300,'树莓',11.1),('北京新华联站',102300,'核桃',19.6),('北京新华联站',102300,'桂圆',5.1),('北京新华联站',102300,'桃子',1.4),('北京新华联站',102300,'桔子',9.9),('北京新华联站',102300,'梨',7.8),('北京新华联站',102300,'榛子',10),('北京新华联站',102300,'榴莲',17.7),('北京新华联站',102300,'槟榔',9.9),('北京新华联站',102300,'樱桃',9),('北京新华联站',102300,'橄榄',13.3),('北京新华联站',102300,'橘子',12),('北京新华联站',102300,'橙子',14.3),('北京新华联站',102300,'海棠果',10),('北京新华联站',102300,'猕猴桃',14.5),('北京新华联站',102300,'瓜类',6.3),('北京新华联站',102300,'甜橙',1.8),('北京新华联站',102300,'石榴',1.8),('北京新华联站',102300,'腰果',15.4),('北京新华联站',102300,'芒果',12.5),('北京新华联站',102300,'苹果',17.7),('北京新华联站',102300,'草莓',4.1),('北京新华联站',102300,'荔枝',7.8),('北京新华联站',102300,'葡萄',11.1),('北京新华联站',102300,'葡萄柚',7.8),('北京新华联站',102300,'蒲桃',17.4),('北京新华联站',102300,'西瓜',4.8),('北京新华联站',102300,'西番莲',6.2),('北京新华联站',102300,'金桔',17.3),('北京新华联站',102300,'银杏',16.2),('北京新华联站',102300,'青梅',1.3),('北京新华联站',102300,'香瓜',11),('北京新华联站',102300,'龙眼',16.4),('北京方庄站',102200,'人参果',13.3),('北京方庄站',102200,'哈密瓜',15.5),('北京方庄站',102200,'夏威夷果',12),('北京方庄站',102200,'山楂果',16.4),('北京方庄站',102200,'开心果',1.9),('北京方庄站',102200,'无花果',17.7),('北京方庄站',102200,'木瓜',9),('北京方庄站',102200,'李',7.8),('北京方庄站',102200,'杏',0.6),('北京方庄站',102200,'杏仁',15.4),('北京方庄站',102200,'杨桃',0.6),('北京方庄站',102200,'杨梅',15.4),('北京方庄站',102200,'松子',16.4),('北京方庄站',102200,'板栗',14.3),('北京方庄站',102200,'枇杷',4.8),('北京方庄站',102200,'枣',6.3),('北京方庄站',102200,'柑桔',17.3),('北京方庄站',102200,'柑橘',12),('北京方庄站',102200,'柚子',10),('北京方庄站',102200,'柠檬',9.2),('北京方庄站',102200,'柳丁',10),('北京方庄站',102200,'树莓',11.6),('北京方庄站',102200,'核桃',17.3),('北京方庄站',102200,'桂圆',7.8),('北京方庄站',102200,'桃子',7.8),('北京方庄站',102200,'桔子',13.3),('北京方庄站',102200,'梨',11.6),('北京方庄站',102200,'榛子',6.2),('北京方庄站',102200,'榴莲',16.4),('北京方庄站',102200,'槟榔',4.6),('北京方庄站',102200,'樱桃',13.3),('北京方庄站',102200,'橄榄',20),('北京方庄站',102200,'橘子',4.6),('北京方庄站',102200,'橙子',9.6),('北京方庄站',102200,'海棠果',0.5),('北京方庄站',102200,'猕猴桃',1.3),('北京方庄站',102200,'瓜类',17.4),('北京方庄站',102200,'甜橙',15.8),('北京方庄站',102200,'石榴',16.4),('北京方庄站',102200,'腰果',15.7),('北京方庄站',102200,'芒果',11),('北京方庄站',102200,'苹果',15.4),('北京方庄站',102200,'草莓',8.5),('北京方庄站',102200,'荔枝',17.7),('北京方庄站',102200,'葡萄',4.6),('北京方庄站',102200,'葡萄柚',0.2),('北京方庄站',102200,'蒲桃',15.8),('北京方庄站',102200,'西瓜',8.2),('北京方庄站',102200,'西番莲',13.3),('北京方庄站',102200,'金桔',0.5),('北京方庄站',102200,'银杏',20),('北京方庄站',102200,'青梅',16.2),('北京方庄站',102200,'香瓜',20),('北京方庄站',102200,'龙眼',11),('北京时代之光站',100020,'人参果',15.8),('北京时代之光站',100020,'哈密瓜',8.5),('北京时代之光站',100020,'夏威夷果',0.5),('北京时代之光站',100020,'山楂果',17.7),('北京时代之光站',100020,'开心果',8.5),('北京时代之光站',100020,'无花果',9.9),('北京时代之光站',100020,'木瓜',1.8),('北京时代之光站',100020,'李',10),('北京时代之光站',100020,'杏',14),('北京时代之光站',100020,'杏仁',6.2),('北京时代之光站',100020,'杨桃',11.1),('北京时代之光站',100020,'杨梅',9),('北京时代之光站',100020,'松子',20),('北京时代之光站',100020,'板栗',10),('北京时代之光站',100020,'枇杷',1.3),('北京时代之光站',100020,'枣',17.3),('北京时代之光站',100020,'柑桔',14),('北京时代之光站',100020,'柑橘',9.6),('北京时代之光站',100020,'柚子',18.9),('北京时代之光站',100020,'柠檬',12),('北京时代之光站',100020,'柳丁',17.7),('北京时代之光站',100020,'树莓',4.1),('北京时代之光站',100020,'核桃',5.1),('北京时代之光站',100020,'桂圆',16.4),('北京时代之光站',100020,'桃子',4.8),('北京时代之光站',100020,'桔子',12),('北京时代之光站',100020,'梨',9.6),('北京时代之光站',100020,'榛子',16.4),('北京时代之光站',100020,'榴莲',14.4),('北京时代之光站',100020,'槟榔',12),('北京时代之光站',100020,'樱桃',10),('北京时代之光站',100020,'橄榄',11),('北京时代之光站',100020,'橘子',18),('北京时代之光站',100020,'橙子',0.2),('北京时代之光站',100020,'海棠果',9.9),('北京时代之光站',100020,'猕猴桃',4.1),('北京时代之光站',100020,'瓜类',14.3),('北京时代之光站',100020,'甜橙',17.3),('北京时代之光站',100020,'石榴',11.1),('北京时代之光站',100020,'腰果',4.8),('北京时代之光站',100020,'芒果',17.3),('北京时代之光站',100020,'苹果',15.5),('北京时代之光站',100020,'草莓',11.1),('北京时代之光站',100020,'荔枝',9.6),('北京时代之光站',100020,'葡萄',14.4),('北京时代之光站',100020,'葡萄柚',16.4),('北京时代之光站',100020,'蒲桃',9.2),('北京时代之光站',100020,'西瓜',5.1),('北京时代之光站',100020,'西番莲',9.6),('北京时代之光站',100020,'金桔',0.2),('北京时代之光站',100020,'银杏',8.5),('北京时代之光站',100020,'青梅',17.4),('北京时代之光站',100020,'香瓜',13.3),('北京时代之光站',100020,'龙眼',4.8),('北京望花路站',100043,'人参果',7.8),('北京望花路站',100043,'哈密瓜',13.8),('北京望花路站',100043,'夏威夷果',0.6),('北京望花路站',100043,'山楂果',13.3),('北京望花路站',100043,'开心果',10),('北京望花路站',100043,'无花果',12),('北京望花路站',100043,'木瓜',7.8),('北京望花路站',100043,'李',12.5),('北京望花路站',100043,'杏',14),('北京望花路站',100043,'杏仁',13.3),('北京望花路站',100043,'杨桃',4.1),('北京望花路站',100043,'杨梅',6.3),('北京望花路站',100043,'松子',15.7),('北京望花路站',100043,'板栗',18),('北京望花路站',100043,'枇杷',1.8),('北京望花路站',100043,'枣',15.5),('北京望花路站',100043,'柑桔',16.2),('北京望花路站',100043,'柑橘',12),('北京望花路站',100043,'柚子',11.1),('北京望花路站',100043,'柠檬',20),('北京望花路站',100043,'柳丁',1.9),('北京望花路站',100043,'树莓',11.1),('北京望花路站',100043,'核桃',16.4),('北京望花路站',100043,'桂圆',4.8),('北京望花路站',100043,'桃子',8.5),('北京望花路站',100043,'桔子',8.5),('北京望花路站',100043,'梨',16.2),('北京望花路站',100043,'榛子',16.2),('北京望花路站',100043,'榴莲',15.5),('北京望花路站',100043,'槟榔',10),('北京望花路站',100043,'樱桃',10),('北京望花路站',100043,'橄榄',12),('北京望花路站',100043,'橘子',15.8),('北京望花路站',100043,'橙子',1.8),('北京望花路站',100043,'海棠果',17.3),('北京望花路站',100043,'猕猴桃',17.4),('北京望花路站',100043,'瓜类',1.9),('北京望花路站',100043,'甜橙',0.5),('北京望花路站',100043,'石榴',10),('北京望花路站',100043,'腰果',0.2),('北京望花路站',100043,'芒果',0.5),('北京望花路站',100043,'苹果',1.9),('北京望花路站',100043,'草莓',15.8),('北京望花路站',100043,'荔枝',14),('北京望花路站',100043,'葡萄',1.8),('北京望花路站',100043,'葡萄柚',10),('北京望花路站',100043,'蒲桃',15.5),('北京望花路站',100043,'西瓜',15.5),('北京望花路站',100043,'西番莲',4.8),('北京望花路站',100043,'金桔',4.1),('北京望花路站',100043,'银杏',11),('北京望花路站',100043,'青梅',11.1),('北京望花路站',100043,'香瓜',15.8),('北京望花路站',100043,'龙眼',4.6),('北京朝林自提点',100010,'人参果',0.6),('北京朝林自提点',100010,'哈密瓜',4.6),('北京朝林自提点',100010,'夏威夷果',16.5),('北京朝林自提点',100010,'山楂果',1.8),('北京朝林自提点',100010,'开心果',0.2),('北京朝林自提点',100010,'无花果',9),('北京朝林自提点',100010,'木瓜',14.4),('北京朝林自提点',100010,'李',12),('北京朝林自提点',100010,'杏',1.4),('北京朝林自提点',100010,'杏仁',13.3),('北京朝林自提点',100010,'杨桃',16.2),('北京朝林自提点',100010,'杨梅',13.8),('北京朝林自提点',100010,'松子',4.8),('北京朝林自提点',100010,'板栗',8.5),('北京朝林自提点',100010,'枇杷',14.5),('北京朝林自提点',100010,'枣',5.1),('北京朝林自提点',100010,'柑桔',17.7),('北京朝林自提点',100010,'柑橘',4.8),('北京朝林自提点',100010,'柚子',12),('北京朝林自提点',100010,'柠檬',4.1),('北京朝林自提点',100010,'柳丁',15.4),('北京朝林自提点',100010,'树莓',10),('北京朝林自提点',100010,'核桃',15.4),('北京朝林自提点',100010,'桂圆',4.8),('北京朝林自提点',100010,'桃子',1.4),('北京朝林自提点',100010,'桔子',14),('北京朝林自提点',100010,'梨',0.2),('北京朝林自提点',100010,'榛子',11.1),('北京朝林自提点',100010,'榴莲',4.8),('北京朝林自提点',100010,'槟榔',0.5),('北京朝林自提点',100010,'樱桃',9),('北京朝林自提点',100010,'橄榄',12.5),('北京朝林自提点',100010,'橘子',9.9),('北京朝林自提点',100010,'橙子',5.1),('北京朝林自提点',100010,'海棠果',16.4),('北京朝林自提点',100010,'猕猴桃',14),('北京朝林自提点',100010,'瓜类',1.3),('北京朝林自提点',100010,'甜橙',16.2),('北京朝林自提点',100010,'石榴',6.3),('北京朝林自提点',100010,'腰果',17.4),('北京朝林自提点',100010,'芒果',16.4),('北京朝林自提点',100010,'苹果',8.5),('北京朝林自提点',100010,'草莓',4.8),('北京朝林自提点',100010,'荔枝',0.2),('北京朝林自提点',100010,'葡萄',1.8),('北京朝林自提点',100010,'葡萄柚',14.5),('北京朝林自提点',100010,'蒲桃',4.6),('北京朝林自提点',100010,'西瓜',16.2),('北京朝林自提点',100010,'西番莲',11.6),('北京朝林自提点',100010,'金桔',4.6),('北京朝林自提点',100010,'银杏',15.8),('北京朝林自提点',100010,'青梅',10),('北京朝林自提点',100010,'香瓜',15.5),('北京朝林自提点',100010,'龙眼',7.8),('北京李家巷站',102600,'人参果',9),('北京李家巷站',102600,'哈密瓜',1.9),('北京李家巷站',102600,'夏威夷果',9.2),('北京李家巷站',102600,'山楂果',15.7),('北京李家巷站',102600,'开心果',4.8),('北京李家巷站',102600,'无花果',7.8),('北京李家巷站',102600,'木瓜',11),('北京李家巷站',102600,'李',10),('北京李家巷站',102600,'杏',0.5),('北京李家巷站',102600,'杏仁',11.6),('北京李家巷站',102600,'杨桃',6.2),('北京李家巷站',102600,'杨梅',0.2),('北京李家巷站',102600,'松子',1.4),('北京李家巷站',102600,'板栗',1.3),('北京李家巷站',102600,'枇杷',14),('北京李家巷站',102600,'枣',8.5),('北京李家巷站',102600,'柑桔',9.2),('北京李家巷站',102600,'柑橘',14),('北京李家巷站',102600,'柚子',15.7),('北京李家巷站',102600,'柠檬',14),('北京李家巷站',102600,'柳丁',20),('北京李家巷站',102600,'树莓',4.8),('北京李家巷站',102600,'核桃',20),('北京李家巷站',102600,'桂圆',9.9),('北京李家巷站',102600,'桃子',0.5),('北京李家巷站',102600,'桔子',17.3),('北京李家巷站',102600,'梨',17.3),('北京李家巷站',102600,'榛子',7.8),('北京李家巷站',102600,'榴莲',15.5),('北京李家巷站',102600,'槟榔',8.5),('北京李家巷站',102600,'樱桃',4.1),('北京李家巷站',102600,'橄榄',4.8),('北京李家巷站',102600,'橘子',9.6),('北京李家巷站',102600,'橙子',4.1),('北京李家巷站',102600,'海棠果',11.6),('北京李家巷站',102600,'猕猴桃',6.2),('北京李家巷站',102600,'瓜类',11),('北京李家巷站',102600,'甜橙',15.4),('北京李家巷站',102600,'石榴',15.8),('北京李家巷站',102600,'腰果',14.3),('北京李家巷站',102600,'芒果',11.1),('北京李家巷站',102600,'苹果',20),('北京李家巷站',102600,'草莓',16.2),('北京李家巷站',102600,'荔枝',15.4),('北京李家巷站',102600,'葡萄',17.3),('北京李家巷站',102600,'葡萄柚',15.8),('北京李家巷站',102600,'蒲桃',10),('北京李家巷站',102600,'西瓜',8.5),('北京李家巷站',102600,'西番莲',20),('北京李家巷站',102600,'金桔',4.1),('北京李家巷站',102600,'银杏',10),('北京李家巷站',102600,'青梅',7.8),('北京李家巷站',102600,'香瓜',14.4),('北京李家巷站',102600,'龙眼',1.8),('北京榆垡站',102400,'人参果',8.2),('北京榆垡站',102400,'哈密瓜',10),('北京榆垡站',102400,'夏威夷果',9),('北京榆垡站',102400,'山楂果',19.6),('北京榆垡站',102400,'开心果',4.1),('北京榆垡站',102400,'无花果',9.6),('北京榆垡站',102400,'木瓜',16.4),('北京榆垡站',102400,'李',18.9),('北京榆垡站',102400,'杏',9.6),('北京榆垡站',102400,'杏仁',20),('北京榆垡站',102400,'杨桃',0.2),('北京榆垡站',102400,'杨梅',1.8),('北京榆垡站',102400,'松子',15.4),('北京榆垡站',102400,'板栗',9),('北京榆垡站',102400,'枇杷',14),('北京榆垡站',102400,'枣',13.3),('北京榆垡站',102400,'柑桔',16.2),('北京榆垡站',102400,'柑橘',14.5),('北京榆垡站',102400,'柚子',0.6),('北京榆垡站',102400,'柠檬',7.8),('北京榆垡站',102400,'柳丁',14),('北京榆垡站',102400,'树莓',12.5),('北京榆垡站',102400,'核桃',17.4),('北京榆垡站',102400,'桂圆',6.2),('北京榆垡站',102400,'桃子',0.5),('北京榆垡站',102400,'桔子',12),('北京榆垡站',102400,'梨',13.8),('北京榆垡站',102400,'榛子',4.8),('北京榆垡站',102400,'榴莲',12.5),('北京榆垡站',102400,'槟榔',10),('北京榆垡站',102400,'樱桃',13.3),('北京榆垡站',102400,'橄榄',14),('北京榆垡站',102400,'橘子',10),('北京榆垡站',102400,'橙子',13.3),('北京榆垡站',102400,'海棠果',17.3),('北京榆垡站',102400,'猕猴桃',10),('北京榆垡站',102400,'瓜类',0.2),('北京榆垡站',102400,'甜橙',10),('北京榆垡站',102400,'石榴',9.9),('北京榆垡站',102400,'腰果',10),('北京榆垡站',102400,'芒果',0.2),('北京榆垡站',102400,'苹果',10),('北京榆垡站',102400,'草莓',9.6),('北京榆垡站',102400,'荔枝',17.7),('北京榆垡站',102400,'葡萄',15.5),('北京榆垡站',102400,'葡萄柚',4.1),('北京榆垡站',102400,'蒲桃',10),('北京榆垡站',102400,'西瓜',9.6),('北京榆垡站',102400,'西番莲',1.9),('北京榆垡站',102400,'金桔',13.3),('北京榆垡站',102400,'银杏',15.4),('北京榆垡站',102400,'青梅',0.5),('北京榆垡站',102400,'香瓜',13.8),('北京榆垡站',102400,'龙眼',1.8),('北京武夷花园站',102200,'人参果',19.6),('北京武夷花园站',102200,'哈密瓜',12.5),('北京武夷花园站',102200,'夏威夷果',9.6),('北京武夷花园站',102200,'山楂果',4.8),('北京武夷花园站',102200,'开心果',17.7),('北京武夷花园站',102200,'无花果',0.5),('北京武夷花园站',102200,'木瓜',0.2),('北京武夷花园站',102200,'李',8.2),('北京武夷花园站',102200,'杏',14),('北京武夷花园站',102200,'杏仁',17.4),('北京武夷花园站',102200,'杨桃',0.6),('北京武夷花园站',102200,'杨梅',15.4),('北京武夷花园站',102200,'松子',17.7),('北京武夷花园站',102200,'板栗',16.4),('北京武夷花园站',102200,'枇杷',4.1),('北京武夷花园站',102200,'枣',16.4),('北京武夷花园站',102200,'柑桔',8.5),('北京武夷花园站',102200,'柑橘',8.5),('北京武夷花园站',102200,'柚子',9.6),('北京武夷花园站',102200,'柠檬',16.2),('北京武夷花园站',102200,'柳丁',1.4),('北京武夷花园站',102200,'树莓',16.2),('北京武夷花园站',102200,'核桃',17.7),('北京武夷花园站',102200,'桂圆',1.4),('北京武夷花园站',102200,'桃子',4.1),('北京武夷花园站',102200,'桔子',14.5),('北京武夷花园站',102200,'梨',12),('北京武夷花园站',102200,'榛子',15.4),('北京武夷花园站',102200,'榴莲',14.3),('北京武夷花园站',102200,'槟榔',1.8),('北京武夷花园站',102200,'樱桃',14.4),('北京武夷花园站',102200,'橄榄',13.3),('北京武夷花园站',102200,'橘子',1.8),('北京武夷花园站',102200,'橙子',0.5),('北京武夷花园站',102200,'海棠果',13.3),('北京武夷花园站',102200,'猕猴桃',13.3),('北京武夷花园站',102200,'瓜类',16.2),('北京武夷花园站',102200,'甜橙',0.5),('北京武夷花园站',102200,'石榴',16.5),('北京武夷花园站',102200,'腰果',17.3),('北京武夷花园站',102200,'芒果',0.5),('北京武夷花园站',102200,'苹果',1.8),('北京武夷花园站',102200,'草莓',18.9),('北京武夷花园站',102200,'荔枝',14.3),('北京武夷花园站',102200,'葡萄',15.8),('北京武夷花园站',102200,'葡萄柚',15.7),('北京武夷花园站',102200,'蒲桃',12),('北京武夷花园站',102200,'西瓜',11.6),('北京武夷花园站',102200,'西番莲',14.3),('北京武夷花园站',102200,'金桔',4.1),('北京武夷花园站',102200,'银杏',16.5),('北京武夷花园站',102200,'青梅',14),('北京武夷花园站',102200,'香瓜',5.1),('北京武夷花园站',102200,'龙眼',16.4),('北京海淀站',100010,'人参果',0.2),('北京海淀站',100010,'哈密瓜',10),('北京海淀站',100010,'夏威夷果',4.8),('北京海淀站',100010,'山楂果',16.2),('北京海淀站',100010,'开心果',11.1),('北京海淀站',100010,'无花果',17.7),('北京海淀站',100010,'木瓜',13.3),('北京海淀站',100010,'李',4.1),('北京海淀站',100010,'杏',0.2),('北京海淀站',100010,'杏仁',15.7),('北京海淀站',100010,'杨桃',11.6),('北京海淀站',100010,'杨梅',4.1),('北京海淀站',100010,'松子',12),('北京海淀站',100010,'板栗',6.3),('北京海淀站',100010,'枇杷',17.7),('北京海淀站',100010,'枣',4.6),('北京海淀站',100010,'柑桔',11.1),('北京海淀站',100010,'柑橘',16.2),('北京海淀站',100010,'柚子',7.8),('北京海淀站',100010,'柠檬',14),('北京海淀站',100010,'柳丁',14.4),('北京海淀站',100010,'树莓',9.9),('北京海淀站',100010,'核桃',9.6),('北京海淀站',100010,'桂圆',14),('北京海淀站',100010,'桃子',15.8),('北京海淀站',100010,'桔子',15.4),('北京海淀站',100010,'梨',4.8),('北京海淀站',100010,'榛子',1.9),('北京海淀站',100010,'榴莲',18),('北京海淀站',100010,'槟榔',12),('北京海淀站',100010,'樱桃',9.2),('北京海淀站',100010,'橄榄',11),('北京海淀站',100010,'橘子',12.5),('北京海淀站',100010,'橙子',16.4),('北京海淀站',100010,'海棠果',18.9),('北京海淀站',100010,'猕猴桃',6.2),('北京海淀站',100010,'瓜类',8.5),('北京海淀站',100010,'甜橙',11.6),('北京海淀站',100010,'石榴',7.8),('北京海淀站',100010,'腰果',11.1),('北京海淀站',100010,'芒果',1.8),('北京海淀站',100010,'苹果',12),('北京海淀站',100010,'草莓',9.6),('北京海淀站',100010,'荔枝',16.2),('北京海淀站',100010,'葡萄',15.4),('北京海淀站',100010,'葡萄柚',13.3),('北京海淀站',100010,'蒲桃',1.4),('北京海淀站',100010,'西瓜',10),('北京海淀站',100010,'西番莲',5.1),('北京海淀站',100010,'金桔',1.3),('北京海淀站',100010,'银杏',4.1),('北京海淀站',100010,'青梅',0.2),('北京海淀站',100010,'香瓜',14),('北京海淀站',100010,'龙眼',10),('北京润泽站',101100,'人参果',7.8),('北京润泽站',101100,'哈密瓜',15.4),('北京润泽站',101100,'夏威夷果',11.1),('北京润泽站',101100,'山楂果',13.3),('北京润泽站',101100,'开心果',16.4),('北京润泽站',101100,'无花果',1.9),('北京润泽站',101100,'木瓜',16.2),('北京润泽站',101100,'李',17.4),('北京润泽站',101100,'杏',16.4),('北京润泽站',101100,'杏仁',8.2),('北京润泽站',101100,'杨桃',16.4),('北京润泽站',101100,'杨梅',17.3),('北京润泽站',101100,'松子',0.5),('北京润泽站',101100,'板栗',20),('北京润泽站',101100,'枇杷',1.8),('北京润泽站',101100,'枣',17.7),('北京润泽站',101100,'柑桔',11.1),('北京润泽站',101100,'柑橘',4.1),('北京润泽站',101100,'柚子',16.4),('北京润泽站',101100,'柠檬',1.4),('北京润泽站',101100,'柳丁',11),('北京润泽站',101100,'树莓',6.3),('北京润泽站',101100,'核桃',10),('北京润泽站',101100,'桂圆',16.4),('北京润泽站',101100,'桃子',12),('北京润泽站',101100,'桔子',16.2),('北京润泽站',101100,'梨',17.3),('北京润泽站',101100,'榛子',0.2),('北京润泽站',101100,'榴莲',17.7),('北京润泽站',101100,'槟榔',14.4),('北京润泽站',101100,'樱桃',14),('北京润泽站',101100,'橄榄',8.5),('北京润泽站',101100,'橘子',0.5),('北京润泽站',101100,'橙子',16.4),('北京润泽站',101100,'海棠果',15.7),('北京润泽站',101100,'猕猴桃',14),('北京润泽站',101100,'瓜类',9.6),('北京润泽站',101100,'甜橙',0.6),('北京润泽站',101100,'石榴',4.1),('北京润泽站',101100,'腰果',9.2),('北京润泽站',101100,'芒果',12),('北京润泽站',101100,'苹果',10),('北京润泽站',101100,'草莓',16.4),('北京润泽站',101100,'荔枝',12),('北京润泽站',101100,'葡萄',0.2),('北京润泽站',101100,'葡萄柚',17.3),('北京润泽站',101100,'蒲桃',11.6),('北京润泽站',101100,'西瓜',16.5),('北京润泽站',101100,'西番莲',13.3),('北京润泽站',101100,'金桔',14.5),('北京润泽站',101100,'银杏',16.2),('北京润泽站',101100,'青梅',1.9),('北京润泽站',101100,'香瓜',0.5),('北京润泽站',101100,'龙眼',1.8),('北京潘家园站',102300,'人参果',17.3),('北京潘家园站',102300,'哈密瓜',17.4),('北京潘家园站',102300,'夏威夷果',14.3),('北京潘家园站',102300,'山楂果',5.1),('北京潘家园站',102300,'开心果',4.8),('北京潘家园站',102300,'无花果',14.3),('北京潘家园站',102300,'木瓜',12.5),('北京潘家园站',102300,'李',13.3),('北京潘家园站',102300,'杏',4.1),('北京潘家园站',102300,'杏仁',4.1),('北京潘家园站',102300,'杨桃',17.7),('北京潘家园站',102300,'杨梅',6.3),('北京潘家园站',102300,'松子',11.6),('北京潘家园站',102300,'板栗',4.6),('北京潘家园站',102300,'枇杷',1.8),('北京潘家园站',102300,'枣',11.1),('北京潘家园站',102300,'柑桔',12),('北京潘家园站',102300,'柑橘',15.4),('北京潘家园站',102300,'柚子',14),('北京潘家园站',102300,'柠檬',13.3),('北京潘家园站',102300,'柳丁',15.8),('北京潘家园站',102300,'树莓',10),('北京潘家园站',102300,'核桃',15.4),('北京潘家园站',102300,'桂圆',1.9),('北京潘家园站',102300,'桃子',18.9),('北京潘家园站',102300,'桔子',5.1),('北京潘家园站',102300,'梨',11.1),('北京潘家园站',102300,'榛子',10),('北京潘家园站',102300,'榴莲',18.9),('北京潘家园站',102300,'槟榔',5.1),('北京潘家园站',102300,'樱桃',13.8),('北京潘家园站',102300,'橄榄',7.8),('北京潘家园站',102300,'橘子',1.9),('北京潘家园站',102300,'橙子',0.2),('北京潘家园站',102300,'海棠果',0.5),('北京潘家园站',102300,'猕猴桃',5.1),('北京潘家园站',102300,'瓜类',16.5),('北京潘家园站',102300,'甜橙',14.5),('北京潘家园站',102300,'石榴',13.8),('北京潘家园站',102300,'腰果',7.8),('北京潘家园站',102300,'芒果',11.6),('北京潘家园站',102300,'苹果',14),('北京潘家园站',102300,'草莓',14.4),('北京潘家园站',102300,'荔枝',12),('北京潘家园站',102300,'葡萄',17.7),('北京潘家园站',102300,'葡萄柚',16.4),('北京潘家园站',102300,'蒲桃',4.8),('北京潘家园站',102300,'西瓜',1.8),('北京潘家园站',102300,'西番莲',16.2),('北京潘家园站',102300,'金桔',11.1),('北京潘家园站',102300,'银杏',17.3),('北京潘家园站',102300,'青梅',14.5),('北京潘家园站',102300,'香瓜',16.2),('北京潘家园站',102300,'龙眼',11.1),('北京物流中心自提点',100010,'人参果',16.2),('北京物流中心自提点',100010,'哈密瓜',11.6),('北京物流中心自提点',100010,'夏威夷果',10),('北京物流中心自提点',100010,'山楂果',4.8),('北京物流中心自提点',100010,'开心果',0.6),('北京物流中心自提点',100010,'无花果',15.4),('北京物流中心自提点',100010,'木瓜',7.8),('北京物流中心自提点',100010,'李',11.1),('北京物流中心自提点',100010,'杏',0.5),('北京物流中心自提点',100010,'杏仁',11.1),('北京物流中心自提点',100010,'杨桃',9.6),('北京物流中心自提点',100010,'杨梅',14.3),('北京物流中心自提点',100010,'松子',12),('北京物流中心自提点',100010,'板栗',1.3),('北京物流中心自提点',100010,'枇杷',13.3),('北京物流中心自提点',100010,'枣',14),('北京物流中心自提点',100010,'柑桔',14.3),('北京物流中心自提点',100010,'柑橘',14.3),('北京物流中心自提点',100010,'柚子',12),('北京物流中心自提点',100010,'柠檬',9.9),('北京物流中心自提点',100010,'柳丁',4.1),('北京物流中心自提点',100010,'树莓',14.5),('北京物流中心自提点',100010,'核桃',17.3),('北京物流中心自提点',100010,'桂圆',14.5),('北京物流中心自提点',100010,'桃子',17.3),('北京物流中心自提点',100010,'桔子',14),('北京物流中心自提点',100010,'梨',16.2),('北京物流中心自提点',100010,'榛子',15.8),('北京物流中心自提点',100010,'榴莲',10),('北京物流中心自提点',100010,'槟榔',16.5),('北京物流中心自提点',100010,'樱桃',17.4),('北京物流中心自提点',100010,'橄榄',17.7),('北京物流中心自提点',100010,'橘子',1.8),('北京物流中心自提点',100010,'橙子',11.1),('北京物流中心自提点',100010,'海棠果',0.6),('北京物流中心自提点',100010,'猕猴桃',1.8),('北京物流中心自提点',100010,'瓜类',15.7),('北京物流中心自提点',100010,'甜橙',13.3),('北京物流中心自提点',100010,'石榴',0.2),('北京物流中心自提点',100010,'腰果',0.2),('北京物流中心自提点',100010,'芒果',10),('北京物流中心自提点',100010,'苹果',6.3),('北京物流中心自提点',100010,'草莓',16.4),('北京物流中心自提点',100010,'荔枝',1.9),('北京物流中心自提点',100010,'葡萄',0.5),('北京物流中心自提点',100010,'葡萄柚',14.3),('北京物流中心自提点',100010,'蒲桃',11.6),('北京物流中心自提点',100010,'西瓜',16.2),('北京物流中心自提点',100010,'西番莲',17.7),('北京物流中心自提点',100010,'金桔',15.4),('北京物流中心自提点',100010,'银杏',1.8),('北京物流中心自提点',100010,'青梅',9.9),('北京物流中心自提点',100010,'香瓜',0.2),('北京物流中心自提点',100010,'龙眼',14.4),('北京理想城站',102300,'人参果',14.4),('北京理想城站',102300,'哈密瓜',11.1),('北京理想城站',102300,'夏威夷果',5.1),('北京理想城站',102300,'山楂果',16.2),('北京理想城站',102300,'开心果',4.8),('北京理想城站',102300,'无花果',12.5),('北京理想城站',102300,'木瓜',18.9),('北京理想城站',102300,'李',9.6),('北京理想城站',102300,'杏',16.4),('北京理想城站',102300,'杏仁',4.1),('北京理想城站',102300,'杨桃',15.8),('北京理想城站',102300,'杨梅',5.1),('北京理想城站',102300,'松子',4.8),('北京理想城站',102300,'板栗',15.7),('北京理想城站',102300,'枇杷',9.6),('北京理想城站',102300,'枣',20),('北京理想城站',102300,'柑桔',10),('北京理想城站',102300,'柑橘',1.3),('北京理想城站',102300,'柚子',0.5),('北京理想城站',102300,'柠檬',4.1),('北京理想城站',102300,'柳丁',6.3),('北京理想城站',102300,'树莓',4.1),('北京理想城站',102300,'核桃',4.6),('北京理想城站',102300,'桂圆',16.5),('北京理想城站',102300,'桃子',13.3),('北京理想城站',102300,'桔子',8.2),('北京理想城站',102300,'梨',1.8),('北京理想城站',102300,'榛子',17.7),('北京理想城站',102300,'榴莲',9.6),('北京理想城站',102300,'槟榔',11.6),('北京理想城站',102300,'樱桃',13.3),('北京理想城站',102300,'橄榄',0.2),('北京理想城站',102300,'橘子',17.7),('北京理想城站',102300,'橙子',15.4),('北京理想城站',102300,'海棠果',16.4),('北京理想城站',102300,'猕猴桃',20),('北京理想城站',102300,'瓜类',15.4),('北京理想城站',102300,'甜橙',15.7),('北京理想城站',102300,'石榴',5.1),('北京理想城站',102300,'腰果',10),('北京理想城站',102300,'芒果',4.1),('北京理想城站',102300,'苹果',15.4),('北京理想城站',102300,'草莓',4.1),('北京理想城站',102300,'荔枝',17.3),('北京理想城站',102300,'葡萄',17.7),('北京理想城站',102300,'葡萄柚',9.9),('北京理想城站',102300,'蒲桃',12),('北京理想城站',102300,'西瓜',15.4),('北京理想城站',102300,'西番莲',7.8),('北京理想城站',102300,'金桔',4.6),('北京理想城站',102300,'银杏',9),('北京理想城站',102300,'青梅',9.2),('北京理想城站',102300,'香瓜',17.3),('北京理想城站',102300,'龙眼',7.8),('北京百荣站',102600,'人参果',4.8),('北京百荣站',102600,'哈密瓜',15.8),('北京百荣站',102600,'夏威夷果',0.2),('北京百荣站',102600,'山楂果',0.2),('北京百荣站',102600,'开心果',11),('北京百荣站',102600,'无花果',11.1),('北京百荣站',102600,'木瓜',1.8),('北京百荣站',102600,'李',17.3),('北京百荣站',102600,'杏',17.7),('北京百荣站',102600,'杏仁',17.7),('北京百荣站',102600,'杨桃',16.2),('北京百荣站',102600,'杨梅',18.9),('北京百荣站',102600,'松子',1.8),('北京百荣站',102600,'板栗',7.8),('北京百荣站',102600,'枇杷',8.2),('北京百荣站',102600,'枣',16.2),('北京百荣站',102600,'柑桔',16.4),('北京百荣站',102600,'柑橘',17.3),('北京百荣站',102600,'柚子',14.4),('北京百荣站',102600,'柠檬',0.5),('北京百荣站',102600,'柳丁',4.8),('北京百荣站',102600,'树莓',4.1),('北京百荣站',102600,'核桃',4.1),('北京百荣站',102600,'桂圆',9),('北京百荣站',102600,'桃子',12),('北京百荣站',102600,'桔子',1.9),('北京百荣站',102600,'梨',14),('北京百荣站',102600,'榛子',12),('北京百荣站',102600,'榴莲',17.3),('北京百荣站',102600,'槟榔',12),('北京百荣站',102600,'樱桃',1.4),('北京百荣站',102600,'橄榄',11),('北京百荣站',102600,'橘子',17.3),('北京百荣站',102600,'橙子',4.1),('北京百荣站',102600,'海棠果',5.1),('北京百荣站',102600,'猕猴桃',12),('北京百荣站',102600,'瓜类',4.8),('北京百荣站',102600,'甜橙',12.5),('北京百荣站',102600,'石榴',13.3),('北京百荣站',102600,'腰果',16.2),('北京百荣站',102600,'芒果',16.2),('北京百荣站',102600,'苹果',9),('北京百荣站',102600,'草莓',14),('北京百荣站',102600,'荔枝',11.1),('北京百荣站',102600,'葡萄',18.9),('北京百荣站',102600,'葡萄柚',10),('北京百荣站',102600,'蒲桃',15.5),('北京百荣站',102600,'西瓜',7.8),('北京百荣站',102600,'西番莲',9.9),('北京百荣站',102600,'金桔',1.8),('北京百荣站',102600,'银杏',14.3),('北京百荣站',102600,'青梅',17.3),('北京百荣站',102600,'香瓜',12),('北京百荣站',102600,'龙眼',6.3),('北京纪家庙站',100032,'人参果',16.5),('北京纪家庙站',100032,'哈密瓜',17.7),('北京纪家庙站',100032,'夏威夷果',15.8),('北京纪家庙站',100032,'山楂果',4.1),('北京纪家庙站',100032,'开心果',12),('北京纪家庙站',100032,'无花果',4.1),('北京纪家庙站',100032,'木瓜',9.2),('北京纪家庙站',100032,'李',0.5),('北京纪家庙站',100032,'杏',14.4),('北京纪家庙站',100032,'杏仁',16.2),('北京纪家庙站',100032,'杨桃',16.2),('北京纪家庙站',100032,'杨梅',15.8),('北京纪家庙站',100032,'松子',17.3),('北京纪家庙站',100032,'板栗',14.3),('北京纪家庙站',100032,'枇杷',17.7),('北京纪家庙站',100032,'枣',9.6),('北京纪家庙站',100032,'柑桔',12),('北京纪家庙站',100032,'柑橘',11.6),('北京纪家庙站',100032,'柚子',19.6),('北京纪家庙站',100032,'柠檬',14.3),('北京纪家庙站',100032,'柳丁',17.4),('北京纪家庙站',100032,'树莓',8.5),('北京纪家庙站',100032,'核桃',6.2),('北京纪家庙站',100032,'桂圆',16.2),('北京纪家庙站',100032,'桃子',4.1),('北京纪家庙站',100032,'桔子',16.2),('北京纪家庙站',100032,'梨',0.5),('北京纪家庙站',100032,'榛子',16.5),('北京纪家庙站',100032,'榴莲',17.4),('北京纪家庙站',100032,'槟榔',15.8),('北京纪家庙站',100032,'樱桃',9.9),('北京纪家庙站',100032,'橄榄',17.4),('北京纪家庙站',100032,'橘子',0.5),('北京纪家庙站',100032,'橙子',17.7),('北京纪家庙站',100032,'海棠果',4.8),('北京纪家庙站',100032,'猕猴桃',15.7),('北京纪家庙站',100032,'瓜类',15.7),('北京纪家庙站',100032,'甜橙',16.5),('北京纪家庙站',100032,'石榴',0.2),('北京纪家庙站',100032,'腰果',9),('北京纪家庙站',100032,'芒果',4.6),('北京纪家庙站',100032,'苹果',16.4),('北京纪家庙站',100032,'草莓',11.1),('北京纪家庙站',100032,'荔枝',4.6),('北京纪家庙站',100032,'葡萄',10),('北京纪家庙站',100032,'葡萄柚',4.1),('北京纪家庙站',100032,'蒲桃',17.4),('北京纪家庙站',100032,'西瓜',6.2),('北京纪家庙站',100032,'西番莲',11.1),('北京纪家庙站',100032,'金桔',17.3),('北京纪家庙站',100032,'银杏',14),('北京纪家庙站',100032,'青梅',17.3),('北京纪家庙站',100032,'香瓜',15.5),('北京纪家庙站',100032,'龙眼',13.8),('北京航空航天大学站',100010,'人参果',17.3),('北京航空航天大学站',100010,'哈密瓜',4.6),('北京航空航天大学站',100010,'夏威夷果',1.8),('北京航空航天大学站',100010,'山楂果',17.7),('北京航空航天大学站',100010,'开心果',14),('北京航空航天大学站',100010,'无花果',11),('北京航空航天大学站',100010,'木瓜',9.2),('北京航空航天大学站',100010,'李',1.8),('北京航空航天大学站',100010,'杏',14.4),('北京航空航天大学站',100010,'杏仁',4.1),('北京航空航天大学站',100010,'杨桃',14.4),('北京航空航天大学站',100010,'杨梅',14.5),('北京航空航天大学站',100010,'松子',5.1),('北京航空航天大学站',100010,'板栗',6.3),('北京航空航天大学站',100010,'枇杷',4.8),('北京航空航天大学站',100010,'枣',13.3),('北京航空航天大学站',100010,'柑桔',15.5),('北京航空航天大学站',100010,'柑橘',16.2),('北京航空航天大学站',100010,'柚子',0.6),('北京航空航天大学站',100010,'柠檬',12),('北京航空航天大学站',100010,'柳丁',15.8),('北京航空航天大学站',100010,'树莓',4.8),('北京航空航天大学站',100010,'核桃',19.6),('北京航空航天大学站',100010,'桂圆',13.8),('北京航空航天大学站',100010,'桃子',11.1),('北京航空航天大学站',100010,'桔子',17.7),('北京航空航天大学站',100010,'梨',14.5),('北京航空航天大学站',100010,'榛子',4.8),('北京航空航天大学站',100010,'榴莲',0.5),('北京航空航天大学站',100010,'槟榔',17.7),('北京航空航天大学站',100010,'樱桃',5.1),('北京航空航天大学站',100010,'橄榄',4.1),('北京航空航天大学站',100010,'橘子',4.8),('北京航空航天大学站',100010,'橙子',17.7),('北京航空航天大学站',100010,'海棠果',16.2),('北京航空航天大学站',100010,'猕猴桃',11.6),('北京航空航天大学站',100010,'瓜类',15.8),('北京航空航天大学站',100010,'甜橙',0.2),('北京航空航天大学站',100010,'石榴',16.2),('北京航空航天大学站',100010,'腰果',20),('北京航空航天大学站',100010,'芒果',13.3),('北京航空航天大学站',100010,'苹果',11.1),('北京航空航天大学站',100010,'草莓',14.4),('北京航空航天大学站',100010,'荔枝',15.4),('北京航空航天大学站',100010,'葡萄',11.6),('北京航空航天大学站',100010,'葡萄柚',17.4),('北京航空航天大学站',100010,'蒲桃',11),('北京航空航天大学站',100010,'西瓜',12),('北京航空航天大学站',100010,'西番莲',6.2),('北京航空航天大学站',100010,'金桔',14),('北京航空航天大学站',100010,'银杏',17.7),('北京航空航天大学站',100010,'青梅',6.2),('北京航空航天大学站',100010,'香瓜',14.4),('北京航空航天大学站',100010,'龙眼',11.6),('北京苏庄站',102400,'人参果',9.9),('北京苏庄站',102400,'哈密瓜',11.1),('北京苏庄站',102400,'夏威夷果',11),('北京苏庄站',102400,'山楂果',15.7),('北京苏庄站',102400,'开心果',5.1),('北京苏庄站',102400,'无花果',14),('北京苏庄站',102400,'木瓜',10),('北京苏庄站',102400,'李',15.4),('北京苏庄站',102400,'杏',0.2),('北京苏庄站',102400,'杏仁',4.1),('北京苏庄站',102400,'杨桃',0.2),('北京苏庄站',102400,'杨梅',7.8),('北京苏庄站',102400,'松子',17.3),('北京苏庄站',102400,'板栗',14.3),('北京苏庄站',102400,'枇杷',4.8),('北京苏庄站',102400,'枣',12.5),('北京苏庄站',102400,'柑桔',9.2),('北京苏庄站',102400,'柑橘',4.1),('北京苏庄站',102400,'柚子',16.2),('北京苏庄站',102400,'柠檬',7.8),('北京苏庄站',102400,'柳丁',14.3),('北京苏庄站',102400,'树莓',9.6),('北京苏庄站',102400,'核桃',1.8),('北京苏庄站',102400,'桂圆',17.4),('北京苏庄站',102400,'桃子',0.6),('北京苏庄站',102400,'桔子',4.6),('北京苏庄站',102400,'梨',6.2),('北京苏庄站',102400,'榛子',0.5),('北京苏庄站',102400,'榴莲',4.1),('北京苏庄站',102400,'槟榔',10),('北京苏庄站',102400,'樱桃',4.6),('北京苏庄站',102400,'橄榄',1.8),('北京苏庄站',102400,'橘子',11),('北京苏庄站',102400,'橙子',0.6),('北京苏庄站',102400,'海棠果',15.4),('北京苏庄站',102400,'猕猴桃',7.8),('北京苏庄站',102400,'瓜类',0.2),('北京苏庄站',102400,'甜橙',14),('北京苏庄站',102400,'石榴',15.4),('北京苏庄站',102400,'腰果',15.7),('北京苏庄站',102400,'芒果',14),('北京苏庄站',102400,'苹果',11),('北京苏庄站',102400,'草莓',0.6),('北京苏庄站',102400,'荔枝',16.4),('北京苏庄站',102400,'葡萄',10),('北京苏庄站',102400,'葡萄柚',6.3),('北京苏庄站',102400,'蒲桃',15.4),('北京苏庄站',102400,'西瓜',12),('北京苏庄站',102400,'西番莲',4.1),('北京苏庄站',102400,'金桔',17.7),('北京苏庄站',102400,'银杏',9.9),('北京苏庄站',102400,'青梅',17.7),('北京苏庄站',102400,'香瓜',1.8),('北京苏庄站',102400,'龙眼',15.4),('北京荣丰站',102200,'人参果',9.9),('北京荣丰站',102200,'哈密瓜',6.3),('北京荣丰站',102200,'夏威夷果',14),('北京荣丰站',102200,'山楂果',10),('北京荣丰站',102200,'开心果',17.7),('北京荣丰站',102200,'无花果',11),('北京荣丰站',102200,'木瓜',4.1),('北京荣丰站',102200,'李',1.9),('北京荣丰站',102200,'杏',10),('北京荣丰站',102200,'杏仁',15.7),('北京荣丰站',102200,'杨桃',17.3),('北京荣丰站',102200,'杨梅',13.8),('北京荣丰站',102200,'松子',14),('北京荣丰站',102200,'板栗',13.3),('北京荣丰站',102200,'枇杷',4.8),('北京荣丰站',102200,'枣',11.6),('北京荣丰站',102200,'柑桔',12),('北京荣丰站',102200,'柑橘',1.8),('北京荣丰站',102200,'柚子',9.2),('北京荣丰站',102200,'柠檬',9.9),('北京荣丰站',102200,'柳丁',15.5),('北京荣丰站',102200,'树莓',1.4),('北京荣丰站',102200,'核桃',0.5),('北京荣丰站',102200,'桂圆',15.4),('北京荣丰站',102200,'桃子',14.4),('北京荣丰站',102200,'桔子',1.8),('北京荣丰站',102200,'梨',0.6),('北京荣丰站',102200,'榛子',20),('北京荣丰站',102200,'榴莲',16.4),('北京荣丰站',102200,'槟榔',0.2),('北京荣丰站',102200,'樱桃',20),('北京荣丰站',102200,'橄榄',12),('北京荣丰站',102200,'橘子',17.3),('北京荣丰站',102200,'橙子',10),('北京荣丰站',102200,'海棠果',14),('北京荣丰站',102200,'猕猴桃',14.4),('北京荣丰站',102200,'瓜类',7.8),('北京荣丰站',102200,'甜橙',5.1),('北京荣丰站',102200,'石榴',8.2),('北京荣丰站',102200,'腰果',17.4),('北京荣丰站',102200,'芒果',4.8),('北京荣丰站',102200,'苹果',7.8),('北京荣丰站',102200,'草莓',10),('北京荣丰站',102200,'荔枝',16.2),('北京荣丰站',102200,'葡萄',10),('北京荣丰站',102200,'葡萄柚',1.3),('北京荣丰站',102200,'蒲桃',14),('北京荣丰站',102200,'西瓜',14.4),('北京荣丰站',102200,'西番莲',18),('北京荣丰站',102200,'金桔',12.5),('北京荣丰站',102200,'银杏',18.9),('北京荣丰站',102200,'青梅',5.1),('北京荣丰站',102200,'香瓜',18),('北京荣丰站',102200,'龙眼',11.1),('北京莲花站',101100,'人参果',11.1),('北京莲花站',101100,'哈密瓜',1.8),('北京莲花站',101100,'夏威夷果',0.5),('北京莲花站',101100,'山楂果',16.4),('北京莲花站',101100,'开心果',13.3),('北京莲花站',101100,'无花果',10),('北京莲花站',101100,'木瓜',14),('北京莲花站',101100,'李',10),('北京莲花站',101100,'杏',1.9),('北京莲花站',101100,'杏仁',7.8),('北京莲花站',101100,'杨桃',16.2),('北京莲花站',101100,'杨梅',1.8),('北京莲花站',101100,'松子',16.4),('北京莲花站',101100,'板栗',16.2),('北京莲花站',101100,'枇杷',15.4),('北京莲花站',101100,'枣',18),('北京莲花站',101100,'柑桔',1.4),('北京莲花站',101100,'柑橘',1.8),('北京莲花站',101100,'柚子',15.7),('北京莲花站',101100,'柠檬',15.5),('北京莲花站',101100,'柳丁',10),('北京莲花站',101100,'树莓',16.2),('北京莲花站',101100,'核桃',6.3),('北京莲花站',101100,'桂圆',10),('北京莲花站',101100,'桃子',8.5),('北京莲花站',101100,'桔子',17.3),('北京莲花站',101100,'梨',11),('北京莲花站',101100,'榛子',18),('北京莲花站',101100,'榴莲',15.4),('北京莲花站',101100,'槟榔',16.2),('北京莲花站',101100,'樱桃',7.8),('北京莲花站',101100,'橄榄',18.9),('北京莲花站',101100,'橘子',17.7),('北京莲花站',101100,'橙子',13.3),('北京莲花站',101100,'海棠果',15.5),('北京莲花站',101100,'猕猴桃',14.3),('北京莲花站',101100,'瓜类',10),('北京莲花站',101100,'甜橙',11.1),('北京莲花站',101100,'石榴',10),('北京莲花站',101100,'腰果',10),('北京莲花站',101100,'芒果',18),('北京莲花站',101100,'苹果',15.4),('北京莲花站',101100,'草莓',15.4),('北京莲花站',101100,'荔枝',17.3),('北京莲花站',101100,'葡萄',7.8),('北京莲花站',101100,'葡萄柚',12.5),('北京莲花站',101100,'蒲桃',13.3),('北京莲花站',101100,'西瓜',16.4),('北京莲花站',101100,'西番莲',0.6),('北京莲花站',101100,'金桔',14.4),('北京莲花站',101100,'银杏',16.4),('北京莲花站',101100,'青梅',9.6),('北京莲花站',101100,'香瓜',8.2),('北京莲花站',101100,'龙眼',13.3),('北京西苑自提点',100010,'人参果',12.5),('北京西苑自提点',100010,'哈密瓜',7.8),('北京西苑自提点',100010,'夏威夷果',0.2),('北京西苑自提点',100010,'山楂果',17.7),('北京西苑自提点',100010,'开心果',4.1),('北京西苑自提点',100010,'无花果',6.2),('北京西苑自提点',100010,'木瓜',7.8),('北京西苑自提点',100010,'李',16.5),('北京西苑自提点',100010,'杏',11.1),('北京西苑自提点',100010,'杏仁',15.4),('北京西苑自提点',100010,'杨桃',13.3),('北京西苑自提点',100010,'杨梅',10),('北京西苑自提点',100010,'松子',4.6),('北京西苑自提点',100010,'板栗',17.3),('北京西苑自提点',100010,'枇杷',4.8),('北京西苑自提点',100010,'枣',17.7),('北京西苑自提点',100010,'柑桔',1.4),('北京西苑自提点',100010,'柑橘',17.7),('北京西苑自提点',100010,'柚子',15.5),('北京西苑自提点',100010,'柠檬',7.8),('北京西苑自提点',100010,'柳丁',9.9),('北京西苑自提点',100010,'树莓',4.1),('北京西苑自提点',100010,'核桃',16.2),('北京西苑自提点',100010,'桂圆',11.6),('北京西苑自提点',100010,'桃子',1.9),('北京西苑自提点',100010,'桔子',13.8),('北京西苑自提点',100010,'梨',8.5),('北京西苑自提点',100010,'榛子',5.1),('北京西苑自提点',100010,'榴莲',18),('北京西苑自提点',100010,'槟榔',12),('北京西苑自提点',100010,'樱桃',4.1),('北京西苑自提点',100010,'橄榄',10),('北京西苑自提点',100010,'橘子',4.1),('北京西苑自提点',100010,'橙子',1.8),('北京西苑自提点',100010,'海棠果',4.8),('北京西苑自提点',100010,'猕猴桃',12),('北京西苑自提点',100010,'瓜类',10),('北京西苑自提点',100010,'甜橙',6.2),('北京西苑自提点',100010,'石榴',10),('北京西苑自提点',100010,'腰果',18),('北京西苑自提点',100010,'芒果',4.8),('北京西苑自提点',100010,'苹果',0.2),('北京西苑自提点',100010,'草莓',20),('北京西苑自提点',100010,'荔枝',13.8),('北京西苑自提点',100010,'葡萄',9.9),('北京西苑自提点',100010,'葡萄柚',16.4),('北京西苑自提点',100010,'蒲桃',17.3),('北京西苑自提点',100010,'西瓜',16.5),('北京西苑自提点',100010,'西番莲',4.1),('北京西苑自提点',100010,'金桔',14.3),('北京西苑自提点',100010,'银杏',9.6),('北京西苑自提点',100010,'青梅',7.8),('北京西苑自提点',100010,'香瓜',11.6),('北京西苑自提点',100010,'龙眼',13.8),('北京通惠家园站',100032,'人参果',9.6),('北京通惠家园站',100032,'哈密瓜',17.7),('北京通惠家园站',100032,'夏威夷果',14.5),('北京通惠家园站',100032,'山楂果',15.4),('北京通惠家园站',100032,'开心果',15.4),('北京通惠家园站',100032,'无花果',1.8),('北京通惠家园站',100032,'木瓜',9.6),('北京通惠家园站',100032,'李',17.7),('北京通惠家园站',100032,'杏',0.6),('北京通惠家园站',100032,'杏仁',11.6),('北京通惠家园站',100032,'杨桃',4.8),('北京通惠家园站',100032,'杨梅',19.6),('北京通惠家园站',100032,'松子',1.8),('北京通惠家园站',100032,'板栗',4.1),('北京通惠家园站',100032,'枇杷',17.4),('北京通惠家园站',100032,'枣',13.3),('北京通惠家园站',100032,'柑桔',1.8),('北京通惠家园站',100032,'柑橘',4.1),('北京通惠家园站',100032,'柚子',4.1),('北京通惠家园站',100032,'柠檬',10),('北京通惠家园站',100032,'柳丁',14.5),('北京通惠家园站',100032,'树莓',0.6),('北京通惠家园站',100032,'核桃',0.5),('北京通惠家园站',100032,'桂圆',11.6),('北京通惠家园站',100032,'桃子',9.6),('北京通惠家园站',100032,'桔子',16.2),('北京通惠家园站',100032,'梨',12),('北京通惠家园站',100032,'榛子',1.3),('北京通惠家园站',100032,'榴莲',17.3),('北京通惠家园站',100032,'槟榔',16.4),('北京通惠家园站',100032,'樱桃',0.2),('北京通惠家园站',100032,'橄榄',5.1),('北京通惠家园站',100032,'橘子',9),('北京通惠家园站',100032,'橙子',13.3),('北京通惠家园站',100032,'海棠果',12),('北京通惠家园站',100032,'猕猴桃',4.1),('北京通惠家园站',100032,'瓜类',4.1),('北京通惠家园站',100032,'甜橙',7.8),('北京通惠家园站',100032,'石榴',12),('北京通惠家园站',100032,'腰果',12),('北京通惠家园站',100032,'芒果',11.6),('北京通惠家园站',100032,'苹果',8.2),('北京通惠家园站',100032,'草莓',18.9),('北京通惠家园站',100032,'荔枝',4.6),('北京通惠家园站',100032,'葡萄',16.2),('北京通惠家园站',100032,'葡萄柚',10),('北京通惠家园站',100032,'蒲桃',15.4),('北京通惠家园站',100032,'西瓜',14),('北京通惠家园站',100032,'西番莲',1.9),('北京通惠家园站',100032,'金桔',11.6),('北京通惠家园站',100032,'银杏',14),('北京通惠家园站',100032,'青梅',17.7),('北京通惠家园站',100032,'香瓜',12),('北京通惠家园站',100032,'龙眼',4.1),('北京邢各庄站',102600,'人参果',4.1),('北京邢各庄站',102600,'哈密瓜',16.5),('北京邢各庄站',102600,'夏威夷果',17.7),('北京邢各庄站',102600,'山楂果',15.8),('北京邢各庄站',102600,'开心果',0.2),('北京邢各庄站',102600,'无花果',17.7),('北京邢各庄站',102600,'木瓜',10),('北京邢各庄站',102600,'李',14),('北京邢各庄站',102600,'杏',0.6),('北京邢各庄站',102600,'杏仁',12.5),('北京邢各庄站',102600,'杨桃',17.7),('北京邢各庄站',102600,'杨梅',0.6),('北京邢各庄站',102600,'松子',15.5),('北京邢各庄站',102600,'板栗',11.1),('北京邢各庄站',102600,'枇杷',4.8),('北京邢各庄站',102600,'枣',0.6),('北京邢各庄站',102600,'柑桔',15.8),('北京邢各庄站',102600,'柑橘',9.9),('北京邢各庄站',102600,'柚子',4.1),('北京邢各庄站',102600,'柠檬',15.4),('北京邢各庄站',102600,'柳丁',10),('北京邢各庄站',102600,'树莓',10),('北京邢各庄站',102600,'核桃',4.8),('北京邢各庄站',102600,'桂圆',0.6),('北京邢各庄站',102600,'桃子',15.7),('北京邢各庄站',102600,'桔子',19.6),('北京邢各庄站',102600,'梨',10),('北京邢各庄站',102600,'榛子',14.3),('北京邢各庄站',102600,'榴莲',17.7),('北京邢各庄站',102600,'槟榔',4.8),('北京邢各庄站',102600,'樱桃',8.5),('北京邢各庄站',102600,'橄榄',11.1),('北京邢各庄站',102600,'橘子',14.5),('北京邢各庄站',102600,'橙子',18),('北京邢各庄站',102600,'海棠果',1.8),('北京邢各庄站',102600,'猕猴桃',8.5),('北京邢各庄站',102600,'瓜类',0.2),('北京邢各庄站',102600,'甜橙',5.1),('北京邢各庄站',102600,'石榴',16.2),('北京邢各庄站',102600,'腰果',1.8),('北京邢各庄站',102600,'芒果',6.3),('北京邢各庄站',102600,'苹果',1.8),('北京邢各庄站',102600,'草莓',10),('北京邢各庄站',102600,'荔枝',13.3),('北京邢各庄站',102600,'葡萄',16.4),('北京邢各庄站',102600,'葡萄柚',12),('北京邢各庄站',102600,'蒲桃',17.7),('北京邢各庄站',102600,'西瓜',1.3),('北京邢各庄站',102600,'西番莲',11.6),('北京邢各庄站',102600,'金桔',18),('北京邢各庄站',102600,'银杏',12),('北京邢各庄站',102600,'青梅',15.4),('北京邢各庄站',102600,'香瓜',1.8),('北京邢各庄站',102600,'龙眼',1.8),('北京邮电大学站',100010,'人参果',5.1),('北京邮电大学站',100010,'哈密瓜',16.2),('北京邮电大学站',100010,'夏威夷果',14.4),('北京邮电大学站',100010,'山楂果',14.3),('北京邮电大学站',100010,'开心果',0.2),('北京邮电大学站',100010,'无花果',10),('北京邮电大学站',100010,'木瓜',9.6),('北京邮电大学站',100010,'李',14),('北京邮电大学站',100010,'杏',17.3),('北京邮电大学站',100010,'杏仁',7.8),('北京邮电大学站',100010,'杨桃',0.2),('北京邮电大学站',100010,'杨梅',14.4),('北京邮电大学站',100010,'松子',15.8),('北京邮电大学站',100010,'板栗',11),('北京邮电大学站',100010,'枇杷',20),('北京邮电大学站',100010,'枣',15.4),('北京邮电大学站',100010,'柑桔',8.2),('北京邮电大学站',100010,'柑橘',15.4),('北京邮电大学站',100010,'柚子',17.3),('北京邮电大学站',100010,'柠檬',11.1),('北京邮电大学站',100010,'柳丁',1.8),('北京邮电大学站',100010,'树莓',4.8),('北京邮电大学站',100010,'核桃',12),('北京邮电大学站',100010,'桂圆',15.8),('北京邮电大学站',100010,'桃子',0.5),('北京邮电大学站',100010,'桔子',6.2),('北京邮电大学站',100010,'梨',5.1),('北京邮电大学站',100010,'榛子',15.8),('北京邮电大学站',100010,'榴莲',14.4),('北京邮电大学站',100010,'槟榔',14.4),('北京邮电大学站',100010,'樱桃',17.7),('北京邮电大学站',100010,'橄榄',0.5),('北京邮电大学站',100010,'橘子',17.7),('北京邮电大学站',100010,'橙子',16.2),('北京邮电大学站',100010,'海棠果',11.1),('北京邮电大学站',100010,'猕猴桃',1.8),('北京邮电大学站',100010,'瓜类',19.6),('北京邮电大学站',100010,'甜橙',14.4),('北京邮电大学站',100010,'石榴',17.7),('北京邮电大学站',100010,'腰果',17.4),('北京邮电大学站',100010,'芒果',9.6),('北京邮电大学站',100010,'苹果',17.7),('北京邮电大学站',100010,'草莓',17.7),('北京邮电大学站',100010,'荔枝',0.6),('北京邮电大学站',100010,'葡萄',13.8),('北京邮电大学站',100010,'葡萄柚',10),('北京邮电大学站',100010,'蒲桃',0.5),('北京邮电大学站',100010,'西瓜',15.5),('北京邮电大学站',100010,'西番莲',10),('北京邮电大学站',100010,'金桔',16.4),('北京邮电大学站',100010,'银杏',9.9),('北京邮电大学站',100010,'青梅',9.9),('北京邮电大学站',100010,'香瓜',6.3),('北京邮电大学站',100010,'龙眼',0.2),('北京采育站',100071,'人参果',4.8),('北京采育站',100071,'哈密瓜',10),('北京采育站',100071,'夏威夷果',9),('北京采育站',100071,'山楂果',15.4),('北京采育站',100071,'开心果',0.5),('北京采育站',100071,'无花果',9),('北京采育站',100071,'木瓜',15.4),('北京采育站',100071,'李',15.8),('北京采育站',100071,'杏',12.5),('北京采育站',100071,'杏仁',11.1),('北京采育站',100071,'杨桃',9),('北京采育站',100071,'杨梅',14.5),('北京采育站',100071,'松子',18.9),('北京采育站',100071,'板栗',8.5),('北京采育站',100071,'枇杷',12),('北京采育站',100071,'枣',7.8),('北京采育站',100071,'柑桔',7.8),('北京采育站',100071,'柑橘',16.4),('北京采育站',100071,'柚子',4.1),('北京采育站',100071,'柠檬',1.3),('北京采育站',100071,'柳丁',14),('北京采育站',100071,'树莓',12.5),('北京采育站',100071,'核桃',0.5),('北京采育站',100071,'桂圆',9),('北京采育站',100071,'桃子',9.9),('北京采育站',100071,'桔子',17.3),('北京采育站',100071,'梨',1.4),('北京采育站',100071,'榛子',14),('北京采育站',100071,'榴莲',17.7),('北京采育站',100071,'槟榔',9.6),('北京采育站',100071,'樱桃',16.2),('北京采育站',100071,'橄榄',4.1),('北京采育站',100071,'橘子',12.5),('北京采育站',100071,'橙子',15.4),('北京采育站',100071,'海棠果',1.4),('北京采育站',100071,'猕猴桃',16.2),('北京采育站',100071,'瓜类',9.6),('北京采育站',100071,'甜橙',17.4),('北京采育站',100071,'石榴',14),('北京采育站',100071,'腰果',15.8),('北京采育站',100071,'芒果',10),('北京采育站',100071,'苹果',17.3),('北京采育站',100071,'草莓',15.7),('北京采育站',100071,'荔枝',1.3),('北京采育站',100071,'葡萄',0.6),('北京采育站',100071,'葡萄柚',14),('北京采育站',100071,'蒲桃',11),('北京采育站',100071,'西瓜',4.1),('北京采育站',100071,'西番莲',10),('北京采育站',100071,'金桔',4.1),('北京采育站',100071,'银杏',14.3),('北京采育站',100071,'青梅',16.2),('北京采育站',100071,'香瓜',9.9),('北京采育站',100071,'龙眼',14),('北京长丰园站',102400,'人参果',0.5),('北京长丰园站',102400,'哈密瓜',13.3),('北京长丰园站',102400,'夏威夷果',15.4),('北京长丰园站',102400,'山楂果',15.4),('北京长丰园站',102400,'开心果',11),('北京长丰园站',102400,'无花果',16.4),('北京长丰园站',102400,'木瓜',11.1),('北京长丰园站',102400,'李',17.3),('北京长丰园站',102400,'杏',1.8),('北京长丰园站',102400,'杏仁',14),('北京长丰园站',102400,'杨桃',15.7),('北京长丰园站',102400,'杨梅',13.8),('北京长丰园站',102400,'松子',7.8),('北京长丰园站',102400,'板栗',13.8),('北京长丰园站',102400,'枇杷',9),('北京长丰园站',102400,'枣',12),('北京长丰园站',102400,'柑桔',11.1),('北京长丰园站',102400,'柑橘',1.8),('北京长丰园站',102400,'柚子',20),('北京长丰园站',102400,'柠檬',14.4),('北京长丰园站',102400,'柳丁',15.7),('北京长丰园站',102400,'树莓',12),('北京长丰园站',102400,'核桃',10),('北京长丰园站',102400,'桂圆',11.1),('北京长丰园站',102400,'桃子',10),('北京长丰园站',102400,'桔子',8.5),('北京长丰园站',102400,'梨',15.8),('北京长丰园站',102400,'榛子',14),('北京长丰园站',102400,'榴莲',4.1),('北京长丰园站',102400,'槟榔',16.2),('北京长丰园站',102400,'樱桃',15.7),('北京长丰园站',102400,'橄榄',0.5),('北京长丰园站',102400,'橘子',6.3),('北京长丰园站',102400,'橙子',16.4),('北京长丰园站',102400,'海棠果',4.1),('北京长丰园站',102400,'猕猴桃',10),('北京长丰园站',102400,'瓜类',15.8),('北京长丰园站',102400,'甜橙',20),('北京长丰园站',102400,'石榴',1.8),('北京长丰园站',102400,'腰果',9.9),('北京长丰园站',102400,'芒果',17.7),('北京长丰园站',102400,'苹果',18.9),('北京长丰园站',102400,'草莓',15.4),('北京长丰园站',102400,'荔枝',16.4),('北京长丰园站',102400,'葡萄',16.2),('北京长丰园站',102400,'葡萄柚',15.4),('北京长丰园站',102400,'蒲桃',17.7),('北京长丰园站',102400,'西瓜',0.5),('北京长丰园站',102400,'西番莲',13.3),('北京长丰园站',102400,'金桔',6.2),('北京长丰园站',102400,'银杏',0.6),('北京长丰园站',102400,'青梅',12),('北京长丰园站',102400,'香瓜',17.7),('北京长丰园站',102400,'龙眼',1.8),('北京长子营站',100071,'人参果',12),('北京长子营站',100071,'哈密瓜',18),('北京长子营站',100071,'夏威夷果',11.1),('北京长子营站',100071,'山楂果',1.8),('北京长子营站',100071,'开心果',0.2),('北京长子营站',100071,'无花果',10),('北京长子营站',100071,'木瓜',14),('北京长子营站',100071,'李',1.3),('北京长子营站',100071,'杏',0.2),('北京长子营站',100071,'杏仁',10),('北京长子营站',100071,'杨桃',15.8),('北京长子营站',100071,'杨梅',10),('北京长子营站',100071,'松子',4.8),('北京长子营站',100071,'板栗',10),('北京长子营站',100071,'枇杷',4.8),('北京长子营站',100071,'枣',17.3),('北京长子营站',100071,'柑桔',13.3),('北京长子营站',100071,'柑橘',14.3),('北京长子营站',100071,'柚子',1.3),('北京长子营站',100071,'柠檬',16.2),('北京长子营站',100071,'柳丁',13.8),('北京长子营站',100071,'树莓',19.6),('北京长子营站',100071,'核桃',14.3),('北京长子营站',100071,'桂圆',8.2),('北京长子营站',100071,'桃子',15.4),('北京长子营站',100071,'桔子',15.4),('北京长子营站',100071,'梨',16.5),('北京长子营站',100071,'榛子',0.2),('北京长子营站',100071,'榴莲',16.4),('北京长子营站',100071,'槟榔',0.5),('北京长子营站',100071,'樱桃',15.8),('北京长子营站',100071,'橄榄',9.2),('北京长子营站',100071,'橘子',9.6),('北京长子营站',100071,'橙子',11.6),('北京长子营站',100071,'海棠果',15.8),('北京长子营站',100071,'猕猴桃',9),('北京长子营站',100071,'瓜类',4.1),('北京长子营站',100071,'甜橙',16.5),('北京长子营站',100071,'石榴',15.4),('北京长子营站',100071,'腰果',14.4),('北京长子营站',100071,'芒果',14.4),('北京长子营站',100071,'苹果',0.5),('北京长子营站',100071,'草莓',8.2),('北京长子营站',100071,'荔枝',12),('北京长子营站',100071,'葡萄',14.3),('北京长子营站',100071,'葡萄柚',18),('北京长子营站',100071,'蒲桃',9.6),('北京长子营站',100071,'西瓜',17.3),('北京长子营站',100071,'西番莲',11.1),('北京长子营站',100071,'金桔',17.7),('北京长子营站',100071,'银杏',13.3),('北京长子营站',100071,'青梅',1.8),('北京长子营站',100071,'香瓜',17.3),('北京长子营站',100071,'龙眼',11.1),('北京长阳站',102300,'人参果',9.6),('北京长阳站',102300,'哈密瓜',19.6),('北京长阳站',102300,'夏威夷果',16.2),('北京长阳站',102300,'山楂果',14),('北京长阳站',102300,'开心果',16.2),('北京长阳站',102300,'无花果',10),('北京长阳站',102300,'木瓜',1.8),('北京长阳站',102300,'李',1.3),('北京长阳站',102300,'杏',19.6),('北京长阳站',102300,'杏仁',1.8),('北京长阳站',102300,'杨桃',5.1),('北京长阳站',102300,'杨梅',16.2),('北京长阳站',102300,'松子',19.6),('北京长阳站',102300,'板栗',17.3),('北京长阳站',102300,'枇杷',7.8),('北京长阳站',102300,'枣',11.1),('北京长阳站',102300,'柑桔',16.5),('北京长阳站',102300,'柑橘',10),('北京长阳站',102300,'柚子',8.2),('北京长阳站',102300,'柠檬',13.8),('北京长阳站',102300,'柳丁',13.3),('北京长阳站',102300,'树莓',13.3),('北京长阳站',102300,'核桃',1.8),('北京长阳站',102300,'桂圆',17.3),('北京长阳站',102300,'桃子',17.3),('北京长阳站',102300,'桔子',10),('北京长阳站',102300,'梨',14.4),('北京长阳站',102300,'榛子',13.3),('北京长阳站',102300,'榴莲',17.3),('北京长阳站',102300,'槟榔',17.4),('北京长阳站',102300,'樱桃',7.8),('北京长阳站',102300,'橄榄',9.9),('北京长阳站',102300,'橘子',20),('北京长阳站',102300,'橙子',0.2),('北京长阳站',102300,'海棠果',0.6),('北京长阳站',102300,'猕猴桃',17.7),('北京长阳站',102300,'瓜类',4.1),('北京长阳站',102300,'甜橙',1.8),('北京长阳站',102300,'石榴',11),('北京长阳站',102300,'腰果',4.8),('北京长阳站',102300,'芒果',4.1),('北京长阳站',102300,'苹果',15.4),('北京长阳站',102300,'草莓',11),('北京长阳站',102300,'荔枝',4.8),('北京长阳站',102300,'葡萄',11.6),('北京长阳站',102300,'葡萄柚',11.1),('北京长阳站',102300,'蒲桃',17.4),('北京长阳站',102300,'西瓜',0.2),('北京长阳站',102300,'西番莲',10),('北京长阳站',102300,'金桔',4.1),('北京长阳站',102300,'银杏',19.6),('北京长阳站',102300,'青梅',13.8),('北京长阳站',102300,'香瓜',7.8),('北京长阳站',102300,'龙眼',18),('北京阜通站',100080,'人参果',1.9),('北京阜通站',100080,'哈密瓜',7.8),('北京阜通站',100080,'夏威夷果',13.8),('北京阜通站',100080,'山楂果',5.1),('北京阜通站',100080,'开心果',18),('北京阜通站',100080,'无花果',1.3),('北京阜通站',100080,'木瓜',4.8),('北京阜通站',100080,'李',8.5),('北京阜通站',100080,'杏',12),('北京阜通站',100080,'杏仁',0.2),('北京阜通站',100080,'杨桃',4.1),('北京阜通站',100080,'杨梅',14),('北京阜通站',100080,'松子',17.3),('北京阜通站',100080,'板栗',16.4),('北京阜通站',100080,'枇杷',10),('北京阜通站',100080,'枣',16.2),('北京阜通站',100080,'柑桔',16.5),('北京阜通站',100080,'柑橘',11.1),('北京阜通站',100080,'柚子',15.4),('北京阜通站',100080,'柠檬',10),('北京阜通站',100080,'柳丁',13.8),('北京阜通站',100080,'树莓',14.3),('北京阜通站',100080,'核桃',10),('北京阜通站',100080,'桂圆',20),('北京阜通站',100080,'桃子',7.8),('北京阜通站',100080,'桔子',9.2),('北京阜通站',100080,'梨',4.1),('北京阜通站',100080,'榛子',9.9),('北京阜通站',100080,'榴莲',7.8),('北京阜通站',100080,'槟榔',12),('北京阜通站',100080,'樱桃',0.2),('北京阜通站',100080,'橄榄',15.8),('北京阜通站',100080,'橘子',11.1),('北京阜通站',100080,'橙子',16.4),('北京阜通站',100080,'海棠果',6.3),('北京阜通站',100080,'猕猴桃',4.6),('北京阜通站',100080,'瓜类',11),('北京阜通站',100080,'甜橙',7.8),('北京阜通站',100080,'石榴',12),('北京阜通站',100080,'腰果',4.8),('北京阜通站',100080,'芒果',15.4),('北京阜通站',100080,'苹果',12),('北京阜通站',100080,'草莓',4.1),('北京阜通站',100080,'荔枝',20),('北京阜通站',100080,'葡萄',11),('北京阜通站',100080,'葡萄柚',1.3),('北京阜通站',100080,'蒲桃',0.2),('北京阜通站',100080,'西瓜',19.6),('北京阜通站',100080,'西番莲',1.4),('北京阜通站',100080,'金桔',16.4),('北京阜通站',100080,'银杏',15.5),('北京阜通站',100080,'青梅',15.4),('北京阜通站',100080,'香瓜',19.6),('北京阜通站',100080,'龙眼',7.8),('北京马池口站',100080,'人参果',9),('北京马池口站',100080,'哈密瓜',9),('北京马池口站',100080,'夏威夷果',6.2),('北京马池口站',100080,'山楂果',1.8),('北京马池口站',100080,'开心果',6.3),('北京马池口站',100080,'无花果',10),('北京马池口站',100080,'木瓜',9.9),('北京马池口站',100080,'李',1.8),('北京马池口站',100080,'杏',15.5),('北京马池口站',100080,'杏仁',14),('北京马池口站',100080,'杨桃',16.4),('北京马池口站',100080,'杨梅',10),('北京马池口站',100080,'松子',14),('北京马池口站',100080,'板栗',1.3),('北京马池口站',100080,'枇杷',17.7),('北京马池口站',100080,'枣',1.4),('北京马池口站',100080,'柑桔',9.6),('北京马池口站',100080,'柑橘',6.2),('北京马池口站',100080,'柚子',14.3),('北京马池口站',100080,'柠檬',1.3),('北京马池口站',100080,'柳丁',1.4),('北京马池口站',100080,'树莓',12),('北京马池口站',100080,'核桃',13.8),('北京马池口站',100080,'桂圆',16.4),('北京马池口站',100080,'桃子',10),('北京马池口站',100080,'桔子',7.8),('北京马池口站',100080,'梨',4.1),('北京马池口站',100080,'榛子',4.8),('北京马池口站',100080,'榴莲',1.4),('北京马池口站',100080,'槟榔',13.3),('北京马池口站',100080,'樱桃',8.2),('北京马池口站',100080,'橄榄',0.5),('北京马池口站',100080,'橘子',5.1),('北京马池口站',100080,'橙子',1.8),('北京马池口站',100080,'海棠果',9.6),('北京马池口站',100080,'猕猴桃',15.4),('北京马池口站',100080,'瓜类',14.4),('北京马池口站',100080,'甜橙',7.8),('北京马池口站',100080,'石榴',12.5),('北京马池口站',100080,'腰果',15.4),('北京马池口站',100080,'芒果',4.8),('北京马池口站',100080,'苹果',17.3),('北京马池口站',100080,'草莓',18.9),('北京马池口站',100080,'荔枝',15.4),('北京马池口站',100080,'葡萄',1.3),('北京马池口站',100080,'葡萄柚',7.8),('北京马池口站',100080,'蒲桃',14),('北京马池口站',100080,'西瓜',8.2),('北京马池口站',100080,'西番莲',4.8),('北京马池口站',100080,'金桔',12),('北京马池口站',100080,'银杏',9.6),('北京马池口站',100080,'青梅',15.7),('北京马池口站',100080,'香瓜',16.5),('北京马池口站',100080,'龙眼',12),('北京驼房营站',100080,'人参果',16.4),('北京驼房营站',100080,'哈密瓜',10),('北京驼房营站',100080,'夏威夷果',10),('北京驼房营站',100080,'山楂果',0.6),('北京驼房营站',100080,'开心果',7.8),('北京驼房营站',100080,'无花果',10),('北京驼房营站',100080,'木瓜',16.2),('北京驼房营站',100080,'李',16.5),('北京驼房营站',100080,'杏',4.1),('北京驼房营站',100080,'杏仁',14),('北京驼房营站',100080,'杨桃',17.7),('北京驼房营站',100080,'杨梅',12.5),('北京驼房营站',100080,'松子',15.4),('北京驼房营站',100080,'板栗',6.2),('北京驼房营站',100080,'枇杷',14),('北京驼房营站',100080,'枣',15.4),('北京驼房营站',100080,'柑桔',4.8),('北京驼房营站',100080,'柑橘',17.3),('北京驼房营站',100080,'柚子',4.8),('北京驼房营站',100080,'柠檬',19.6),('北京驼房营站',100080,'柳丁',14.5),('北京驼房营站',100080,'树莓',4.6),('北京驼房营站',100080,'核桃',4.1),('北京驼房营站',100080,'桂圆',11),('北京驼房营站',100080,'桃子',4.8),('北京驼房营站',100080,'桔子',13.3),('北京驼房营站',100080,'梨',16.2),('北京驼房营站',100080,'榛子',5.1),('北京驼房营站',100080,'榴莲',6.3),('北京驼房营站',100080,'槟榔',17.3),('北京驼房营站',100080,'樱桃',20),('北京驼房营站',100080,'橄榄',4.1),('北京驼房营站',100080,'橘子',0.5),('北京驼房营站',100080,'橙子',18.9),('北京驼房营站',100080,'海棠果',20),('北京驼房营站',100080,'猕猴桃',10),('北京驼房营站',100080,'瓜类',12),('北京驼房营站',100080,'甜橙',9.6),('北京驼房营站',100080,'石榴',16.4),('北京驼房营站',100080,'腰果',10),('北京驼房营站',100080,'芒果',4.8),('北京驼房营站',100080,'苹果',13.8),('北京驼房营站',100080,'草莓',0.2),('北京驼房营站',100080,'荔枝',14),('北京驼房营站',100080,'葡萄',11.6),('北京驼房营站',100080,'葡萄柚',6.3),('北京驼房营站',100080,'蒲桃',16.2),('北京驼房营站',100080,'西瓜',9.9),('北京驼房营站',100080,'西番莲',16.2),('北京驼房营站',100080,'金桔',14.3),('北京驼房营站',100080,'银杏',1.8),('北京驼房营站',100080,'青梅',17.7),('北京驼房营站',100080,'香瓜',16.4),('北京驼房营站',100080,'龙眼',6.3),('北京高楼金站',100010,'人参果',6.3),('北京高楼金站',100010,'哈密瓜',1.8),('北京高楼金站',100010,'夏威夷果',16.2),('北京高楼金站',100010,'山楂果',4.1),('北京高楼金站',100010,'开心果',9.9),('北京高楼金站',100010,'无花果',12),('北京高楼金站',100010,'木瓜',16.2),('北京高楼金站',100010,'李',8.2),('北京高楼金站',100010,'杏',10),('北京高楼金站',100010,'杏仁',10),('北京高楼金站',100010,'杨桃',4.8),('北京高楼金站',100010,'杨梅',4.6),('北京高楼金站',100010,'松子',12),('北京高楼金站',100010,'板栗',15.4),('北京高楼金站',100010,'枇杷',12),('北京高楼金站',100010,'枣',7.8),('北京高楼金站',100010,'柑桔',1.9),('北京高楼金站',100010,'柑橘',16.4),('北京高楼金站',100010,'柚子',4.6),('北京高楼金站',100010,'柠檬',0.5),('北京高楼金站',100010,'柳丁',14),('北京高楼金站',100010,'树莓',1.4),('北京高楼金站',100010,'核桃',13.3),('北京高楼金站',100010,'桂圆',17.3),('北京高楼金站',100010,'桃子',10),('北京高楼金站',100010,'桔子',17.7),('北京高楼金站',100010,'梨',15.7),('北京高楼金站',100010,'榛子',11.6),('北京高楼金站',100010,'榴莲',1.8),('北京高楼金站',100010,'槟榔',17.7),('北京高楼金站',100010,'樱桃',10),('北京高楼金站',100010,'橄榄',15.8),('北京高楼金站',100010,'橘子',1.4),('北京高楼金站',100010,'橙子',1.8),('北京高楼金站',100010,'海棠果',0.2),('北京高楼金站',100010,'猕猴桃',11.6),('北京高楼金站',100010,'瓜类',16.2),('北京高楼金站',100010,'甜橙',9.2),('北京高楼金站',100010,'石榴',7.8),('北京高楼金站',100010,'腰果',12),('北京高楼金站',100010,'芒果',11.1),('北京高楼金站',100010,'苹果',16.4),('北京高楼金站',100010,'草莓',14),('北京高楼金站',100010,'荔枝',10),('北京高楼金站',100010,'葡萄',11.1),('北京高楼金站',100010,'葡萄柚',15.4),('北京高楼金站',100010,'蒲桃',15.7),('北京高楼金站',100010,'西瓜',16.2),('北京高楼金站',100010,'西番莲',9.6),('北京高楼金站',100010,'金桔',1.8),('北京高楼金站',100010,'银杏',0.5),('北京高楼金站',100010,'青梅',10),('北京高楼金站',100010,'香瓜',17.4),('北京高楼金站',100010,'龙眼',13.3),('北京高米店站',102600,'人参果',15.4),('北京高米店站',102600,'哈密瓜',18.9),('北京高米店站',102600,'夏威夷果',1.8),('北京高米店站',102600,'山楂果',9.9),('北京高米店站',102600,'开心果',16.2),('北京高米店站',102600,'无花果',15.4),('北京高米店站',102600,'木瓜',0.6),('北京高米店站',102600,'李',7.8),('北京高米店站',102600,'杏',9),('北京高米店站',102600,'杏仁',20),('北京高米店站',102600,'杨桃',4.1),('北京高米店站',102600,'杨梅',10),('北京高米店站',102600,'松子',13.3),('北京高米店站',102600,'板栗',7.8),('北京高米店站',102600,'枇杷',4.8),('北京高米店站',102600,'枣',16.5),('北京高米店站',102600,'柑桔',14.5),('北京高米店站',102600,'柑橘',4.8),('北京高米店站',102600,'柚子',11.1),('北京高米店站',102600,'柠檬',11),('北京高米店站',102600,'柳丁',18),('北京高米店站',102600,'树莓',18.9),('北京高米店站',102600,'核桃',0.2),('北京高米店站',102600,'桂圆',9.6),('北京高米店站',102600,'桃子',5.1),('北京高米店站',102600,'桔子',14.5),('北京高米店站',102600,'梨',15.8),('北京高米店站',102600,'榛子',19.6),('北京高米店站',102600,'榴莲',4.8),('北京高米店站',102600,'槟榔',9),('北京高米店站',102600,'樱桃',15.8),('北京高米店站',102600,'橄榄',19.6),('北京高米店站',102600,'橘子',7.8),('北京高米店站',102600,'橙子',12),('北京高米店站',102600,'海棠果',4.1),('北京高米店站',102600,'猕猴桃',17.3),('北京高米店站',102600,'瓜类',10),('北京高米店站',102600,'甜橙',15.5),('北京高米店站',102600,'石榴',20),('北京高米店站',102600,'腰果',4.6),('北京高米店站',102600,'芒果',18.9),('北京高米店站',102600,'苹果',16.4),('北京高米店站',102600,'草莓',1.8),('北京高米店站',102600,'荔枝',18.9),('北京高米店站',102600,'葡萄',16.4),('北京高米店站',102600,'葡萄柚',14.5),('北京高米店站',102600,'蒲桃',16.2),('北京高米店站',102600,'西瓜',16.5),('北京高米店站',102600,'西番莲',8.5),('北京高米店站',102600,'金桔',16.4),('北京高米店站',102600,'银杏',11.1),('北京高米店站',102600,'青梅',12),('北京高米店站',102600,'香瓜',14.4),('北京高米店站',102600,'龙眼',17.7),('北京龙华园站',100020,'人参果',9.9),('北京龙华园站',100020,'哈密瓜',18.9),('北京龙华园站',100020,'夏威夷果',4.6),('北京龙华园站',100020,'山楂果',12.5),('北京龙华园站',100020,'开心果',4.1),('北京龙华园站',100020,'无花果',7.8),('北京龙华园站',100020,'木瓜',8.2),('北京龙华园站',100020,'李',4.1),('北京龙华园站',100020,'杏',12),('北京龙华园站',100020,'杏仁',8.5),('北京龙华园站',100020,'杨桃',7.8),('北京龙华园站',100020,'杨梅',17.7),('北京龙华园站',100020,'松子',8.2),('北京龙华园站',100020,'板栗',15.8),('北京龙华园站',100020,'枇杷',14.3),('北京龙华园站',100020,'枣',12.5),('北京龙华园站',100020,'柑桔',1.8),('北京龙华园站',100020,'柑橘',15.5),('北京龙华园站',100020,'柚子',15.8),('北京龙华园站',100020,'柠檬',17.3),('北京龙华园站',100020,'柳丁',9),('北京龙华园站',100020,'树莓',4.6),('北京龙华园站',100020,'核桃',11.1),('北京龙华园站',100020,'桂圆',15.8),('北京龙华园站',100020,'桃子',16.4),('北京龙华园站',100020,'桔子',8.5),('北京龙华园站',100020,'梨',4.8),('北京龙华园站',100020,'榛子',1.4),('北京龙华园站',100020,'榴莲',13.3),('北京龙华园站',100020,'槟榔',8.2),('北京龙华园站',100020,'樱桃',15.8),('北京龙华园站',100020,'橄榄',14.4),('北京龙华园站',100020,'橘子',15.5),('北京龙华园站',100020,'橙子',4.6),('北京龙华园站',100020,'海棠果',13.3),('北京龙华园站',100020,'猕猴桃',4.8),('北京龙华园站',100020,'瓜类',4.1),('北京龙华园站',100020,'甜橙',0.2),('北京龙华园站',100020,'石榴',8.2),('北京龙华园站',100020,'腰果',4.1),('北京龙华园站',100020,'芒果',17.3),('北京龙华园站',100020,'苹果',17.7),('北京龙华园站',100020,'草莓',1.4),('北京龙华园站',100020,'荔枝',20),('北京龙华园站',100020,'葡萄',18),('北京龙华园站',100020,'葡萄柚',11.1),('北京龙华园站',100020,'蒲桃',13.3),('北京龙华园站',100020,'西瓜',14),('北京龙华园站',100020,'西番莲',11.1),('北京龙华园站',100020,'金桔',11.6),('北京龙华园站',100020,'银杏',14),('北京龙华园站',100020,'青梅',1.8),('北京龙华园站',100020,'香瓜',14),('北京龙华园站',100020,'龙眼',17.7),('北辰自提点',100010,'人参果',4.1),('北辰自提点',100010,'哈密瓜',17.3),('北辰自提点',100010,'夏威夷果',13.3),('北辰自提点',100010,'山楂果',17.3),('北辰自提点',100010,'开心果',18.9),('北辰自提点',100010,'无花果',8.2),('北辰自提点',100010,'木瓜',1.3),('北辰自提点',100010,'李',1.8),('北辰自提点',100010,'杏',13.3),('北辰自提点',100010,'杏仁',14.5),('北辰自提点',100010,'杨桃',1.9),('北辰自提点',100010,'杨梅',1.8),('北辰自提点',100010,'松子',1.4),('北辰自提点',100010,'板栗',14),('北辰自提点',100010,'枇杷',14.5),('北辰自提点',100010,'枣',16.4),('北辰自提点',100010,'柑桔',13.8),('北辰自提点',100010,'柑橘',12.5),('北辰自提点',100010,'柚子',15.4),('北辰自提点',100010,'柠檬',1.3),('北辰自提点',100010,'柳丁',4.1),('北辰自提点',100010,'树莓',7.8),('北辰自提点',100010,'核桃',15.8),('北辰自提点',100010,'桂圆',16.4),('北辰自提点',100010,'桃子',1.8),('北辰自提点',100010,'桔子',15.8),('北辰自提点',100010,'梨',1.8),('北辰自提点',100010,'榛子',11.6),('北辰自提点',100010,'榴莲',9.6),('北辰自提点',100010,'槟榔',9.6),('北辰自提点',100010,'樱桃',9.2),('北辰自提点',100010,'橄榄',17.4),('北辰自提点',100010,'橘子',15.8),('北辰自提点',100010,'橙子',4.8),('北辰自提点',100010,'海棠果',7.8),('北辰自提点',100010,'猕猴桃',16.5),('北辰自提点',100010,'瓜类',15.5),('北辰自提点',100010,'甜橙',17.3),('北辰自提点',100010,'石榴',13.3),('北辰自提点',100010,'腰果',16.4),('北辰自提点',100010,'芒果',5.1),('北辰自提点',100010,'苹果',4.1),('北辰自提点',100010,'草莓',13.8),('北辰自提点',100010,'荔枝',20),('北辰自提点',100010,'葡萄',7.8),('北辰自提点',100010,'葡萄柚',0.5),('北辰自提点',100010,'蒲桃',9.6),('北辰自提点',100010,'西瓜',15.4),('北辰自提点',100010,'西番莲',12.5),('北辰自提点',100010,'金桔',4.1),('北辰自提点',100010,'银杏',7.8),('北辰自提点',100010,'青梅',1.8),('北辰自提点',100010,'香瓜',4.1),('北辰自提点',100010,'龙眼',11.6),('华馨园站',101100,'人参果',17.7),('华馨园站',101100,'哈密瓜',4.1),('华馨园站',101100,'夏威夷果',8.2),('华馨园站',101100,'山楂果',0.6),('华馨园站',101100,'开心果',16.2),('华馨园站',101100,'无花果',4.1),('华馨园站',101100,'木瓜',11.1),('华馨园站',101100,'李',9.6),('华馨园站',101100,'杏',1.8),('华馨园站',101100,'杏仁',4.8),('华馨园站',101100,'杨桃',10),('华馨园站',101100,'杨梅',9),('华馨园站',101100,'松子',5.1),('华馨园站',101100,'板栗',14),('华馨园站',101100,'枇杷',10),('华馨园站',101100,'枣',10),('华馨园站',101100,'柑桔',14),('华馨园站',101100,'柑橘',1.9),('华馨园站',101100,'柚子',11.6),('华馨园站',101100,'柠檬',4.1),('华馨园站',101100,'柳丁',13.3),('华馨园站',101100,'树莓',1.8),('华馨园站',101100,'核桃',14.4),('华馨园站',101100,'桂圆',4.6),('华馨园站',101100,'桃子',20),('华馨园站',101100,'桔子',14),('华馨园站',101100,'梨',4.1),('华馨园站',101100,'榛子',7.8),('华馨园站',101100,'榴莲',8.2),('华馨园站',101100,'槟榔',11.1),('华馨园站',101100,'樱桃',6.3),('华馨园站',101100,'橄榄',15.8),('华馨园站',101100,'橘子',8.2),('华馨园站',101100,'橙子',16.4),('华馨园站',101100,'海棠果',11.6),('华馨园站',101100,'猕猴桃',13.8),('华馨园站',101100,'瓜类',11),('华馨园站',101100,'甜橙',12),('华馨园站',101100,'石榴',14.3),('华馨园站',101100,'腰果',20),('华馨园站',101100,'芒果',8.5),('华馨园站',101100,'苹果',17.4),('华馨园站',101100,'草莓',4.1),('华馨园站',101100,'荔枝',18),('华馨园站',101100,'葡萄',15.7),('华馨园站',101100,'葡萄柚',20),('华馨园站',101100,'蒲桃',15.7),('华馨园站',101100,'西瓜',15.5),('华馨园站',101100,'西番莲',8.5),('华馨园站',101100,'金桔',14.5),('华馨园站',101100,'银杏',17.3),('华馨园站',101100,'青梅',1.8),('华馨园站',101100,'香瓜',11.1),('华馨园站',101100,'龙眼',15.7),('大兴黄村站',100032,'人参果',4.1),('大兴黄村站',100032,'哈密瓜',16.2),('大兴黄村站',100032,'夏威夷果',14.3),('大兴黄村站',100032,'山楂果',1.4),('大兴黄村站',100032,'开心果',15.7),('大兴黄村站',100032,'无花果',0.2),('大兴黄村站',100032,'木瓜',15.5),('大兴黄村站',100032,'李',17.7),('大兴黄村站',100032,'杏',0.2),('大兴黄村站',100032,'杏仁',15.5),('大兴黄村站',100032,'杨桃',10),('大兴黄村站',100032,'杨梅',1.4),('大兴黄村站',100032,'松子',15.7),('大兴黄村站',100032,'板栗',9.6),('大兴黄村站',100032,'枇杷',4.1),('大兴黄村站',100032,'枣',11),('大兴黄村站',100032,'柑桔',4.1),('大兴黄村站',100032,'柑橘',1.8),('大兴黄村站',100032,'柚子',12),('大兴黄村站',100032,'柠檬',12),('大兴黄村站',100032,'柳丁',6.3),('大兴黄村站',100032,'树莓',15.7),('大兴黄村站',100032,'核桃',16.2),('大兴黄村站',100032,'桂圆',1.8),('大兴黄村站',100032,'桃子',0.5),('大兴黄村站',100032,'桔子',20),('大兴黄村站',100032,'梨',17.4),('大兴黄村站',100032,'榛子',15.5),('大兴黄村站',100032,'榴莲',14),('大兴黄村站',100032,'槟榔',4.8),('大兴黄村站',100032,'樱桃',7.8),('大兴黄村站',100032,'橄榄',9.6),('大兴黄村站',100032,'橘子',16.5),('大兴黄村站',100032,'橙子',0.2),('大兴黄村站',100032,'海棠果',10),('大兴黄村站',100032,'猕猴桃',6.3),('大兴黄村站',100032,'瓜类',4.8),('大兴黄村站',100032,'甜橙',7.8),('大兴黄村站',100032,'石榴',0.2),('大兴黄村站',100032,'腰果',16.5),('大兴黄村站',100032,'芒果',4.8),('大兴黄村站',100032,'苹果',4.6),('大兴黄村站',100032,'草莓',0.6),('大兴黄村站',100032,'荔枝',14.3),('大兴黄村站',100032,'葡萄',12),('大兴黄村站',100032,'葡萄柚',9.6),('大兴黄村站',100032,'蒲桃',9.9),('大兴黄村站',100032,'西瓜',16.4),('大兴黄村站',100032,'西番莲',8.2),('大兴黄村站',100032,'金桔',1.8),('大兴黄村站',100032,'银杏',13.3),('大兴黄村站',100032,'青梅',10),('大兴黄村站',100032,'香瓜',9.9),('大兴黄村站',100032,'龙眼',8.5),('大红门站',102300,'人参果',10),('大红门站',102300,'哈密瓜',10),('大红门站',102300,'夏威夷果',1.3),('大红门站',102300,'山楂果',12),('大红门站',102300,'开心果',17.7),('大红门站',102300,'无花果',17.4),('大红门站',102300,'木瓜',0.5),('大红门站',102300,'李',9.9),('大红门站',102300,'杏',15.8),('大红门站',102300,'杏仁',15.5),('大红门站',102300,'杨桃',13.3),('大红门站',102300,'杨梅',6.3),('大红门站',102300,'松子',4.8),('大红门站',102300,'板栗',13.3),('大红门站',102300,'枇杷',11.1),('大红门站',102300,'枣',11.6),('大红门站',102300,'柑桔',8.2),('大红门站',102300,'柑橘',16.5),('大红门站',102300,'柚子',14.5),('大红门站',102300,'柠檬',9.6),('大红门站',102300,'柳丁',5.1),('大红门站',102300,'树莓',17.7),('大红门站',102300,'核桃',15.4),('大红门站',102300,'桂圆',13.3),('大红门站',102300,'桃子',0.2),('大红门站',102300,'桔子',11.1),('大红门站',102300,'梨',15.5),('大红门站',102300,'榛子',1.4),('大红门站',102300,'榴莲',10),('大红门站',102300,'槟榔',7.8),('大红门站',102300,'樱桃',6.3),('大红门站',102300,'橄榄',6.2),('大红门站',102300,'橘子',12.5),('大红门站',102300,'橙子',8.2),('大红门站',102300,'海棠果',4.1),('大红门站',102300,'猕猴桃',4.8),('大红门站',102300,'瓜类',16.4),('大红门站',102300,'甜橙',15.8),('大红门站',102300,'石榴',9.9),('大红门站',102300,'腰果',14.3),('大红门站',102300,'芒果',1.8),('大红门站',102300,'苹果',14.4),('大红门站',102300,'草莓',12),('大红门站',102300,'荔枝',4.6),('大红门站',102300,'葡萄',14),('大红门站',102300,'葡萄柚',12.5),('大红门站',102300,'蒲桃',12),('大红门站',102300,'西瓜',14.3),('大红门站',102300,'西番莲',0.6),('大红门站',102300,'金桔',11.1),('大红门站',102300,'银杏',0.2),('大红门站',102300,'青梅',12.5),('大红门站',102300,'香瓜',12),('大红门站',102300,'龙眼',16.5),('大钟寺站',100080,'人参果',15.8),('大钟寺站',100080,'哈密瓜',4.1),('大钟寺站',100080,'夏威夷果',15.4),('大钟寺站',100080,'山楂果',16.2),('大钟寺站',100080,'开心果',14.3),('大钟寺站',100080,'无花果',14.5),('大钟寺站',100080,'木瓜',1.9),('大钟寺站',100080,'李',9.2),('大钟寺站',100080,'杏',1.8),('大钟寺站',100080,'杏仁',13.3),('大钟寺站',100080,'杨桃',19.6),('大钟寺站',100080,'杨梅',4.8),('大钟寺站',100080,'松子',0.2),('大钟寺站',100080,'板栗',12),('大钟寺站',100080,'枇杷',15.8),('大钟寺站',100080,'枣',7.8),('大钟寺站',100080,'柑桔',15.4),('大钟寺站',100080,'柑橘',4.1),('大钟寺站',100080,'柚子',4.8),('大钟寺站',100080,'柠檬',5.1),('大钟寺站',100080,'柳丁',9.9),('大钟寺站',100080,'树莓',8.5),('大钟寺站',100080,'核桃',12),('大钟寺站',100080,'桂圆',17.7),('大钟寺站',100080,'桃子',11.6),('大钟寺站',100080,'桔子',18),('大钟寺站',100080,'梨',15.7),('大钟寺站',100080,'榛子',20),('大钟寺站',100080,'榴莲',15.8),('大钟寺站',100080,'槟榔',1.8),('大钟寺站',100080,'樱桃',6.2),('大钟寺站',100080,'橄榄',0.2),('大钟寺站',100080,'橘子',0.2),('大钟寺站',100080,'橙子',1.8),('大钟寺站',100080,'海棠果',0.2),('大钟寺站',100080,'猕猴桃',0.2),('大钟寺站',100080,'瓜类',15.4),('大钟寺站',100080,'甜橙',4.6),('大钟寺站',100080,'石榴',11.1),('大钟寺站',100080,'腰果',1.8),('大钟寺站',100080,'芒果',9.6),('大钟寺站',100080,'苹果',11.1),('大钟寺站',100080,'草莓',12),('大钟寺站',100080,'荔枝',4.1),('大钟寺站',100080,'葡萄',4.1),('大钟寺站',100080,'葡萄柚',16.4),('大钟寺站',100080,'蒲桃',6.2),('大钟寺站',100080,'西瓜',10),('大钟寺站',100080,'西番莲',14.5),('大钟寺站',100080,'金桔',7.8),('大钟寺站',100080,'银杏',1.8),('大钟寺站',100080,'青梅',4.1),('大钟寺站',100080,'香瓜',4.1),('大钟寺站',100080,'龙眼',10),('天桥站',100071,'人参果',4.8),('天桥站',100071,'哈密瓜',9.9),('天桥站',100071,'夏威夷果',15.8),('天桥站',100071,'山楂果',10),('天桥站',100071,'开心果',14),('天桥站',100071,'无花果',13.3),('天桥站',100071,'木瓜',6.2),('天桥站',100071,'李',6.3),('天桥站',100071,'杏',5.1),('天桥站',100071,'杏仁',1.8),('天桥站',100071,'杨桃',15.8),('天桥站',100071,'杨梅',12),('天桥站',100071,'松子',17.3),('天桥站',100071,'板栗',1.4),('天桥站',100071,'枇杷',6.2),('天桥站',100071,'枣',1.8),('天桥站',100071,'柑桔',1.8),('天桥站',100071,'柑橘',4.1),('天桥站',100071,'柚子',4.8),('天桥站',100071,'柠檬',0.6),('天桥站',100071,'柳丁',5.1),('天桥站',100071,'树莓',7.8),('天桥站',100071,'核桃',14.3),('天桥站',100071,'桂圆',16.5),('天桥站',100071,'桃子',8.2),('天桥站',100071,'桔子',0.2),('天桥站',100071,'梨',4.8),('天桥站',100071,'榛子',15.8),('天桥站',100071,'榴莲',14),('天桥站',100071,'槟榔',17.7),('天桥站',100071,'樱桃',5.1),('天桥站',100071,'橄榄',7.8),('天桥站',100071,'橘子',4.1),('天桥站',100071,'橙子',18),('天桥站',100071,'海棠果',9.6),('天桥站',100071,'猕猴桃',17.3),('天桥站',100071,'瓜类',11.1),('天桥站',100071,'甜橙',8.5),('天桥站',100071,'石榴',14.3),('天桥站',100071,'腰果',6.3),('天桥站',100071,'芒果',20),('天桥站',100071,'苹果',12.5),('天桥站',100071,'草莓',17.7),('天桥站',100071,'荔枝',11.6),('天桥站',100071,'葡萄',4.8),('天桥站',100071,'葡萄柚',16.2),('天桥站',100071,'蒲桃',10),('天桥站',100071,'西瓜',8.2),('天桥站',100071,'西番莲',9.6),('天桥站',100071,'金桔',11.6),('天桥站',100071,'银杏',20),('天桥站',100071,'青梅',4.1),('天桥站',100071,'香瓜',15.7),('天桥站',100071,'龙眼',19.6),('天通苑站',100043,'人参果',16.2),('天通苑站',100043,'哈密瓜',4.8),('天通苑站',100043,'夏威夷果',1.8),('天通苑站',100043,'山楂果',15.8),('天通苑站',100043,'开心果',19.6),('天通苑站',100043,'无花果',15.4),('天通苑站',100043,'木瓜',4.1),('天通苑站',100043,'李',16.2),('天通苑站',100043,'杏',15.8),('天通苑站',100043,'杏仁',6.3),('天通苑站',100043,'杨桃',7.8),('天通苑站',100043,'杨梅',0.6),('天通苑站',100043,'松子',20),('天通苑站',100043,'板栗',10),('天通苑站',100043,'枇杷',5.1),('天通苑站',100043,'枣',13.8),('天通苑站',100043,'柑桔',14.4),('天通苑站',100043,'柑橘',11.1),('天通苑站',100043,'柚子',13.8),('天通苑站',100043,'柠檬',4.1),('天通苑站',100043,'柳丁',10),('天通苑站',100043,'树莓',0.5),('天通苑站',100043,'核桃',4.1),('天通苑站',100043,'桂圆',15.5),('天通苑站',100043,'桃子',9.2),('天通苑站',100043,'桔子',0.5),('天通苑站',100043,'梨',17.3),('天通苑站',100043,'榛子',18.9),('天通苑站',100043,'榴莲',19.6),('天通苑站',100043,'槟榔',13.8),('天通苑站',100043,'樱桃',8.2),('天通苑站',100043,'橄榄',10),('天通苑站',100043,'橘子',4.1),('天通苑站',100043,'橙子',4.1),('天通苑站',100043,'海棠果',9),('天通苑站',100043,'猕猴桃',11),('天通苑站',100043,'瓜类',4.1),('天通苑站',100043,'甜橙',15.4),('天通苑站',100043,'石榴',0.6),('天通苑站',100043,'腰果',4.8),('天通苑站',100043,'芒果',12.5),('天通苑站',100043,'苹果',10),('天通苑站',100043,'草莓',4.8),('天通苑站',100043,'荔枝',7.8),('天通苑站',100043,'葡萄',1.8),('天通苑站',100043,'葡萄柚',16.2),('天通苑站',100043,'蒲桃',13.3),('天通苑站',100043,'西瓜',0.2),('天通苑站',100043,'西番莲',14),('天通苑站',100043,'金桔',17.3),('天通苑站',100043,'银杏',18),('天通苑站',100043,'青梅',11),('天通苑站',100043,'香瓜',5.1),('天通苑站',100043,'龙眼',14),('宋家庄站',102200,'人参果',7.8),('宋家庄站',102200,'哈密瓜',6.2),('宋家庄站',102200,'夏威夷果',1.8),('宋家庄站',102200,'山楂果',16.4),('宋家庄站',102200,'开心果',1.8),('宋家庄站',102200,'无花果',0.6),('宋家庄站',102200,'木瓜',4.8),('宋家庄站',102200,'李',1.8),('宋家庄站',102200,'杏',14.5),('宋家庄站',102200,'杏仁',10),('宋家庄站',102200,'杨桃',16.2),('宋家庄站',102200,'杨梅',12.5),('宋家庄站',102200,'松子',5.1),('宋家庄站',102200,'板栗',1.8),('宋家庄站',102200,'枇杷',13.8),('宋家庄站',102200,'枣',11.1),('宋家庄站',102200,'柑桔',16.5),('宋家庄站',102200,'柑橘',1.3),('宋家庄站',102200,'柚子',0.5),('宋家庄站',102200,'柠檬',4.6),('宋家庄站',102200,'柳丁',15.8),('宋家庄站',102200,'树莓',17.7),('宋家庄站',102200,'核桃',1.4),('宋家庄站',102200,'桂圆',16.4),('宋家庄站',102200,'桃子',12),('宋家庄站',102200,'桔子',14.4),('宋家庄站',102200,'梨',6.2),('宋家庄站',102200,'榛子',11),('宋家庄站',102200,'榴莲',17.3),('宋家庄站',102200,'槟榔',11),('宋家庄站',102200,'樱桃',11.1),('宋家庄站',102200,'橄榄',1.3),('宋家庄站',102200,'橘子',4.6),('宋家庄站',102200,'橙子',0.5),('宋家庄站',102200,'海棠果',1.8),('宋家庄站',102200,'猕猴桃',4.8),('宋家庄站',102200,'瓜类',17.7),('宋家庄站',102200,'甜橙',16.2),('宋家庄站',102200,'石榴',11.1),('宋家庄站',102200,'腰果',9.9),('宋家庄站',102200,'芒果',4.1),('宋家庄站',102200,'苹果',17.3),('宋家庄站',102200,'草莓',20),('宋家庄站',102200,'荔枝',0.6),('宋家庄站',102200,'葡萄',1.4),('宋家庄站',102200,'葡萄柚',16.4),('宋家庄站',102200,'蒲桃',11.6),('宋家庄站',102200,'西瓜',20),('宋家庄站',102200,'西番莲',4.8),('宋家庄站',102200,'金桔',17.4),('宋家庄站',102200,'银杏',15.8),('宋家庄站',102200,'青梅',6.2),('宋家庄站',102200,'香瓜',10),('宋家庄站',102200,'龙眼',1.9),('宣武站',100071,'人参果',1.4),('宣武站',100071,'哈密瓜',19.6),('宣武站',100071,'夏威夷果',13.3),('宣武站',100071,'山楂果',4.8),('宣武站',100071,'开心果',16.5),('宣武站',100071,'无花果',9.6),('宣武站',100071,'木瓜',6.3),('宣武站',100071,'李',1.9),('宣武站',100071,'杏',16.2),('宣武站',100071,'杏仁',11.6),('宣武站',100071,'杨桃',9.9),('宣武站',100071,'杨梅',17.3),('宣武站',100071,'松子',11.1),('宣武站',100071,'板栗',17.3),('宣武站',100071,'枇杷',6.3),('宣武站',100071,'枣',13.8),('宣武站',100071,'柑桔',17.3),('宣武站',100071,'柑橘',5.1),('宣武站',100071,'柚子',10),('宣武站',100071,'柠檬',5.1),('宣武站',100071,'柳丁',9.9),('宣武站',100071,'树莓',1.8),('宣武站',100071,'核桃',0.5),('宣武站',100071,'桂圆',4.1),('宣武站',100071,'桃子',1.3),('宣武站',100071,'桔子',15.8),('宣武站',100071,'梨',14.3),('宣武站',100071,'榛子',0.6),('宣武站',100071,'榴莲',14.3),('宣武站',100071,'槟榔',8.2),('宣武站',100071,'樱桃',11.6),('宣武站',100071,'橄榄',18),('宣武站',100071,'橘子',4.1),('宣武站',100071,'橙子',0.6),('宣武站',100071,'海棠果',15.8),('宣武站',100071,'猕猴桃',4.8),('宣武站',100071,'瓜类',15.5),('宣武站',100071,'甜橙',12),('宣武站',100071,'石榴',1.8),('宣武站',100071,'腰果',0.5),('宣武站',100071,'芒果',4.8),('宣武站',100071,'苹果',8.5),('宣武站',100071,'草莓',16.2),('宣武站',100071,'荔枝',14.3),('宣武站',100071,'葡萄',9.6),('宣武站',100071,'葡萄柚',0.6),('宣武站',100071,'蒲桃',4.8),('宣武站',100071,'西瓜',4.8),('宣武站',100071,'西番莲',10),('宣武站',100071,'金桔',1.3),('宣武站',100071,'银杏',12),('宣武站',100071,'青梅',0.5),('宣武站',100071,'香瓜',0.2),('宣武站',100071,'龙眼',9.6),('小营站',100043,'人参果',15.7),('小营站',100043,'哈密瓜',11),('小营站',100043,'夏威夷果',17.4),('小营站',100043,'山楂果',15.4),('小营站',100043,'开心果',9.6),('小营站',100043,'无花果',13.3),('小营站',100043,'木瓜',18.9),('小营站',100043,'李',16.2),('小营站',100043,'杏',15.8),('小营站',100043,'杏仁',9.2),('小营站',100043,'杨桃',1.9),('小营站',100043,'杨梅',12),('小营站',100043,'松子',7.8),('小营站',100043,'板栗',16.4),('小营站',100043,'枇杷',1.3),('小营站',100043,'枣',11.1),('小营站',100043,'柑桔',4.8),('小营站',100043,'柑橘',1.9),('小营站',100043,'柚子',9.6),('小营站',100043,'柠檬',12),('小营站',100043,'柳丁',1.4),('小营站',100043,'树莓',15.8),('小营站',100043,'核桃',17.3),('小营站',100043,'桂圆',9.9),('小营站',100043,'桃子',9),('小营站',100043,'桔子',15.8),('小营站',100043,'梨',1.3),('小营站',100043,'榛子',9.6),('小营站',100043,'榴莲',9.6),('小营站',100043,'槟榔',16.5),('小营站',100043,'樱桃',14.5),('小营站',100043,'橄榄',13.3),('小营站',100043,'橘子',18),('小营站',100043,'橙子',17.7),('小营站',100043,'海棠果',11.1),('小营站',100043,'猕猴桃',1.8),('小营站',100043,'瓜类',1.9),('小营站',100043,'甜橙',10),('小营站',100043,'石榴',12),('小营站',100043,'腰果',15.8),('小营站',100043,'芒果',0.2),('小营站',100043,'苹果',1.9),('小营站',100043,'草莓',15.4),('小营站',100043,'荔枝',14.3),('小营站',100043,'葡萄',17.4),('小营站',100043,'葡萄柚',4.1),('小营站',100043,'蒲桃',13.3),('小营站',100043,'西瓜',1.8),('小营站',100043,'西番莲',0.2),('小营站',100043,'金桔',9.9),('小营站',100043,'银杏',13.8),('小营站',100043,'青梅',4.1),('小营站',100043,'香瓜',4.8),('小营站',100043,'龙眼',12.5),('小鲁店站',102600,'人参果',11.1),('小鲁店站',102600,'哈密瓜',0.2),('小鲁店站',102600,'夏威夷果',6.3),('小鲁店站',102600,'山楂果',14),('小鲁店站',102600,'开心果',15.4),('小鲁店站',102600,'无花果',12.5),('小鲁店站',102600,'木瓜',0.6),('小鲁店站',102600,'李',0.5),('小鲁店站',102600,'杏',13.3),('小鲁店站',102600,'杏仁',12),('小鲁店站',102600,'杨桃',10),('小鲁店站',102600,'杨梅',11.1),('小鲁店站',102600,'松子',16.2),('小鲁店站',102600,'板栗',17.3),('小鲁店站',102600,'枇杷',16.2),('小鲁店站',102600,'枣',4.1),('小鲁店站',102600,'柑桔',4.1),('小鲁店站',102600,'柑橘',7.8),('小鲁店站',102600,'柚子',6.2),('小鲁店站',102600,'柠檬',12),('小鲁店站',102600,'柳丁',1.3),('小鲁店站',102600,'树莓',4.1),('小鲁店站',102600,'核桃',10),('小鲁店站',102600,'桂圆',15.4),('小鲁店站',102600,'桃子',15.5),('小鲁店站',102600,'桔子',0.5),('小鲁店站',102600,'梨',12),('小鲁店站',102600,'榛子',15.8),('小鲁店站',102600,'榴莲',11.1),('小鲁店站',102600,'槟榔',6.3),('小鲁店站',102600,'樱桃',14),('小鲁店站',102600,'橄榄',12),('小鲁店站',102600,'橘子',15.4),('小鲁店站',102600,'橙子',0.2),('小鲁店站',102600,'海棠果',1.4),('小鲁店站',102600,'猕猴桃',5.1),('小鲁店站',102600,'瓜类',13.8),('小鲁店站',102600,'甜橙',11),('小鲁店站',102600,'石榴',9.2),('小鲁店站',102600,'腰果',4.8),('小鲁店站',102600,'芒果',6.3),('小鲁店站',102600,'苹果',15.8),('小鲁店站',102600,'草莓',10),('小鲁店站',102600,'荔枝',11),('小鲁店站',102600,'葡萄',15.5),('小鲁店站',102600,'葡萄柚',8.2),('小鲁店站',102600,'蒲桃',17.4),('小鲁店站',102600,'西瓜',9.9),('小鲁店站',102600,'西番莲',1.8),('小鲁店站',102600,'金桔',1.8),('小鲁店站',102600,'银杏',15.8),('小鲁店站',102600,'青梅',14.5),('小鲁店站',102600,'香瓜',18),('小鲁店站',102600,'龙眼',12),('广渠门站',100071,'人参果',10),('广渠门站',100071,'哈密瓜',9.9),('广渠门站',100071,'夏威夷果',1.9),('广渠门站',100071,'山楂果',9.2),('广渠门站',100071,'开心果',9),('广渠门站',100071,'无花果',1.4),('广渠门站',100071,'木瓜',6.3),('广渠门站',100071,'李',7.8),('广渠门站',100071,'杏',12),('广渠门站',100071,'杏仁',4.1),('广渠门站',100071,'杨桃',1.8),('广渠门站',100071,'杨梅',0.2),('广渠门站',100071,'松子',15.5),('广渠门站',100071,'板栗',12),('广渠门站',100071,'枇杷',11),('广渠门站',100071,'枣',12.5),('广渠门站',100071,'柑桔',9.6),('广渠门站',100071,'柑橘',16.2),('广渠门站',100071,'柚子',12.5),('广渠门站',100071,'柠檬',16.4),('广渠门站',100071,'柳丁',18.9),('广渠门站',100071,'树莓',9),('广渠门站',100071,'核桃',7.8),('广渠门站',100071,'桂圆',15.8),('广渠门站',100071,'桃子',0.5),('广渠门站',100071,'桔子',1.8),('广渠门站',100071,'梨',15.8),('广渠门站',100071,'榛子',7.8),('广渠门站',100071,'榴莲',11),('广渠门站',100071,'槟榔',14),('广渠门站',100071,'樱桃',16.4),('广渠门站',100071,'橄榄',1.4),('广渠门站',100071,'橘子',10),('广渠门站',100071,'橙子',4.1),('广渠门站',100071,'海棠果',10),('广渠门站',100071,'猕猴桃',15.4),('广渠门站',100071,'瓜类',4.8),('广渠门站',100071,'甜橙',1.9),('广渠门站',100071,'石榴',4.1),('广渠门站',100071,'腰果',16.5),('广渠门站',100071,'芒果',11),('广渠门站',100071,'苹果',17.3),('广渠门站',100071,'草莓',15.8),('广渠门站',100071,'荔枝',10),('广渠门站',100071,'葡萄',15.5),('广渠门站',100071,'葡萄柚',15.7),('广渠门站',100071,'蒲桃',12),('广渠门站',100071,'西瓜',17.7),('广渠门站',100071,'西番莲',12.5),('广渠门站',100071,'金桔',13.3),('广渠门站',100071,'银杏',13.3),('广渠门站',100071,'青梅',16.2),('广渠门站',100071,'香瓜',4.8),('广渠门站',100071,'龙眼',16.2),('张仪村站',100071,'人参果',8.2),('张仪村站',100071,'哈密瓜',12),('张仪村站',100071,'夏威夷果',15.4),('张仪村站',100071,'山楂果',14),('张仪村站',100071,'开心果',15.8),('张仪村站',100071,'无花果',12.5),('张仪村站',100071,'木瓜',16.2),('张仪村站',100071,'李',4.1),('张仪村站',100071,'杏',14.4),('张仪村站',100071,'杏仁',7.8),('张仪村站',100071,'杨桃',16.4),('张仪村站',100071,'杨梅',0.2),('张仪村站',100071,'松子',4.8),('张仪村站',100071,'板栗',10),('张仪村站',100071,'枇杷',17.3),('张仪村站',100071,'枣',18),('张仪村站',100071,'柑桔',0.5),('张仪村站',100071,'柑橘',4.6),('张仪村站',100071,'柚子',15.4),('张仪村站',100071,'柠檬',9.9),('张仪村站',100071,'柳丁',1.9),('张仪村站',100071,'树莓',14),('张仪村站',100071,'核桃',5.1),('张仪村站',100071,'桂圆',1.3),('张仪村站',100071,'桃子',10),('张仪村站',100071,'桔子',10),('张仪村站',100071,'梨',9),('张仪村站',100071,'榛子',16.5),('张仪村站',100071,'榴莲',1.3),('张仪村站',100071,'槟榔',8.2),('张仪村站',100071,'樱桃',15.4),('张仪村站',100071,'橄榄',4.1),('张仪村站',100071,'橘子',10),('张仪村站',100071,'橙子',9),('张仪村站',100071,'海棠果',4.8),('张仪村站',100071,'猕猴桃',15.8),('张仪村站',100071,'瓜类',14.3),('张仪村站',100071,'甜橙',14.5),('张仪村站',100071,'石榴',18.9),('张仪村站',100071,'腰果',15.4),('张仪村站',100071,'芒果',15.4),('张仪村站',100071,'苹果',19.6),('张仪村站',100071,'草莓',0.2),('张仪村站',100071,'荔枝',18.9),('张仪村站',100071,'葡萄',4.6),('张仪村站',100071,'葡萄柚',18.9),('张仪村站',100071,'蒲桃',8.2),('张仪村站',100071,'西瓜',14),('张仪村站',100071,'西番莲',7.8),('张仪村站',100071,'金桔',15.7),('张仪村站',100071,'银杏',10),('张仪村站',100071,'青梅',1.4),('张仪村站',100071,'香瓜',0.2),('张仪村站',100071,'龙眼',19.6),('房山城关站',100020,'人参果',6.2),('房山城关站',100020,'哈密瓜',4.8),('房山城关站',100020,'夏威夷果',16.2),('房山城关站',100020,'山楂果',9),('房山城关站',100020,'开心果',11.1),('房山城关站',100020,'无花果',14.5),('房山城关站',100020,'木瓜',9.2),('房山城关站',100020,'李',8.5),('房山城关站',100020,'杏',16.2),('房山城关站',100020,'杏仁',11.6),('房山城关站',100020,'杨桃',8.2),('房山城关站',100020,'杨梅',9.6),('房山城关站',100020,'松子',4.1),('房山城关站',100020,'板栗',1.8),('房山城关站',100020,'枇杷',16.4),('房山城关站',100020,'枣',0.5),('房山城关站',100020,'柑桔',10),('房山城关站',100020,'柑橘',4.6),('房山城关站',100020,'柚子',14.4),('房山城关站',100020,'柠檬',1.8),('房山城关站',100020,'柳丁',12),('房山城关站',100020,'树莓',13.3),('房山城关站',100020,'核桃',16.5),('房山城关站',100020,'桂圆',8.5),('房山城关站',100020,'桃子',12),('房山城关站',100020,'桔子',10),('房山城关站',100020,'梨',9.2),('房山城关站',100020,'榛子',6.3),('房山城关站',100020,'榴莲',0.5),('房山城关站',100020,'槟榔',4.1),('房山城关站',100020,'樱桃',1.9),('房山城关站',100020,'橄榄',15.4),('房山城关站',100020,'橘子',7.8),('房山城关站',100020,'橙子',11.6),('房山城关站',100020,'海棠果',12),('房山城关站',100020,'猕猴桃',10),('房山城关站',100020,'瓜类',16.2),('房山城关站',100020,'甜橙',0.2),('房山城关站',100020,'石榴',16.2),('房山城关站',100020,'腰果',1.8),('房山城关站',100020,'芒果',4.8),('房山城关站',100020,'苹果',1.8),('房山城关站',100020,'草莓',1.4),('房山城关站',100020,'荔枝',10),('房山城关站',100020,'葡萄',10),('房山城关站',100020,'葡萄柚',12.5),('房山城关站',100020,'蒲桃',20),('房山城关站',100020,'西瓜',16.2),('房山城关站',100020,'西番莲',8.2),('房山城关站',100020,'金桔',14),('房山城关站',100020,'银杏',12.5),('房山城关站',100020,'青梅',4.1),('房山城关站',100020,'香瓜',6.2),('房山城关站',100020,'龙眼',9.6),('新华街站',102300,'人参果',10),('新华街站',102300,'哈密瓜',9),('新华街站',102300,'夏威夷果',1.8),('新华街站',102300,'山楂果',10),('新华街站',102300,'开心果',11.1),('新华街站',102300,'无花果',8.5),('新华街站',102300,'木瓜',11.1),('新华街站',102300,'李',11.1),('新华街站',102300,'杏',1.8),('新华街站',102300,'杏仁',9.9),('新华街站',102300,'杨桃',16.4),('新华街站',102300,'杨梅',16.4),('新华街站',102300,'松子',9.9),('新华街站',102300,'板栗',14.3),('新华街站',102300,'枇杷',8.2),('新华街站',102300,'枣',4.1),('新华街站',102300,'柑桔',12.5),('新华街站',102300,'柑橘',5.1),('新华街站',102300,'柚子',10),('新华街站',102300,'柠檬',16.4),('新华街站',102300,'柳丁',16.2),('新华街站',102300,'树莓',4.1),('新华街站',102300,'核桃',0.6),('新华街站',102300,'桂圆',1.8),('新华街站',102300,'桃子',4.8),('新华街站',102300,'桔子',1.3),('新华街站',102300,'梨',11.1),('新华街站',102300,'榛子',14.4),('新华街站',102300,'榴莲',12),('新华街站',102300,'槟榔',20),('新华街站',102300,'樱桃',10),('新华街站',102300,'橄榄',6.3),('新华街站',102300,'橘子',14.4),('新华街站',102300,'橙子',1.4),('新华街站',102300,'海棠果',4.6),('新华街站',102300,'猕猴桃',0.2),('新华街站',102300,'瓜类',15.8),('新华街站',102300,'甜橙',9.6),('新华街站',102300,'石榴',4.1),('新华街站',102300,'腰果',11),('新华街站',102300,'芒果',9.9),('新华街站',102300,'苹果',20),('新华街站',102300,'草莓',17.7),('新华街站',102300,'荔枝',14.4),('新华街站',102300,'葡萄',10),('新华街站',102300,'葡萄柚',15.4),('新华街站',102300,'蒲桃',9.2),('新华街站',102300,'西瓜',15.8),('新华街站',102300,'西番莲',16.4),('新华街站',102300,'金桔',16.2),('新华街站',102300,'银杏',19.6),('新华街站',102300,'青梅',15.5),('新华街站',102300,'香瓜',4.6),('新华街站',102300,'龙眼',13.3),('旧宫站',100020,'人参果',10),('旧宫站',100020,'哈密瓜',11),('旧宫站',100020,'夏威夷果',14.3),('旧宫站',100020,'山楂果',0.5),('旧宫站',100020,'开心果',10),('旧宫站',100020,'无花果',13.3),('旧宫站',100020,'木瓜',13.3),('旧宫站',100020,'李',0.5),('旧宫站',100020,'杏',17.3),('旧宫站',100020,'杏仁',16.2),('旧宫站',100020,'杨桃',8.2),('旧宫站',100020,'杨梅',6.3),('旧宫站',100020,'松子',12),('旧宫站',100020,'板栗',15.4),('旧宫站',100020,'枇杷',11.1),('旧宫站',100020,'枣',0.5),('旧宫站',100020,'柑桔',11.6),('旧宫站',100020,'柑橘',15.5),('旧宫站',100020,'柚子',18.9),('旧宫站',100020,'柠檬',13.3),('旧宫站',100020,'柳丁',12),('旧宫站',100020,'树莓',20),('旧宫站',100020,'核桃',12),('旧宫站',100020,'桂圆',12.5),('旧宫站',100020,'桃子',0.6),('旧宫站',100020,'桔子',16.4),('旧宫站',100020,'梨',17.7),('旧宫站',100020,'榛子',8.2),('旧宫站',100020,'榴莲',7.8),('旧宫站',100020,'槟榔',15.8),('旧宫站',100020,'樱桃',11.1),('旧宫站',100020,'橄榄',14.4),('旧宫站',100020,'橘子',9.6),('旧宫站',100020,'橙子',14),('旧宫站',100020,'海棠果',13.3),('旧宫站',100020,'猕猴桃',17.3),('旧宫站',100020,'瓜类',16.2),('旧宫站',100020,'甜橙',9.9),('旧宫站',100020,'石榴',14),('旧宫站',100020,'腰果',10),('旧宫站',100020,'芒果',11.1),('旧宫站',100020,'苹果',15.8),('旧宫站',100020,'草莓',11.6),('旧宫站',100020,'荔枝',12),('旧宫站',100020,'葡萄',15.4),('旧宫站',100020,'葡萄柚',12),('旧宫站',100020,'蒲桃',15.7),('旧宫站',100020,'西瓜',15.4),('旧宫站',100020,'西番莲',8.5),('旧宫站',100020,'金桔',6.3),('旧宫站',100020,'银杏',16.4),('旧宫站',100020,'青梅',16.4),('旧宫站',100020,'香瓜',12),('旧宫站',100020,'龙眼',1.8),('昌平站',100020,'人参果',16.4),('昌平站',100020,'哈密瓜',1.4),('昌平站',100020,'夏威夷果',0.2),('昌平站',100020,'山楂果',6.2),('昌平站',100020,'开心果',16.4),('昌平站',100020,'无花果',0.6),('昌平站',100020,'木瓜',1.8),('昌平站',100020,'李',15.5),('昌平站',100020,'杏',17.7),('昌平站',100020,'杏仁',16.2),('昌平站',100020,'杨桃',0.2),('昌平站',100020,'杨梅',17.7),('昌平站',100020,'松子',11),('昌平站',100020,'板栗',17.4),('昌平站',100020,'枇杷',17.3),('昌平站',100020,'枣',16.4),('昌平站',100020,'柑桔',4.6),('昌平站',100020,'柑橘',17.3),('昌平站',100020,'柚子',16.2),('昌平站',100020,'柠檬',15.4),('昌平站',100020,'柳丁',4.1),('昌平站',100020,'树莓',10),('昌平站',100020,'核桃',10),('昌平站',100020,'桂圆',15.5),('昌平站',100020,'桃子',16.2),('昌平站',100020,'桔子',9.6),('昌平站',100020,'梨',20),('昌平站',100020,'榛子',12),('昌平站',100020,'榴莲',16.2),('昌平站',100020,'槟榔',7.8),('昌平站',100020,'樱桃',11),('昌平站',100020,'橄榄',17.3),('昌平站',100020,'橘子',4.1),('昌平站',100020,'橙子',16.2),('昌平站',100020,'海棠果',17.7),('昌平站',100020,'猕猴桃',16.2),('昌平站',100020,'瓜类',10),('昌平站',100020,'甜橙',11.6),('昌平站',100020,'石榴',10),('昌平站',100020,'腰果',15.8),('昌平站',100020,'芒果',17.7),('昌平站',100020,'苹果',11),('昌平站',100020,'草莓',7.8),('昌平站',100020,'荔枝',11.1),('昌平站',100020,'葡萄',8.5),('昌平站',100020,'葡萄柚',16.5),('昌平站',100020,'蒲桃',9.2),('昌平站',100020,'西瓜',13.3),('昌平站',100020,'西番莲',9.9),('昌平站',100020,'金桔',18.9),('昌平站',100020,'银杏',13.3),('昌平站',100020,'青梅',19.6),('昌平站',100020,'香瓜',8.2),('昌平站',100020,'龙眼',15.4),('望京站',102300,'人参果',12),('望京站',102300,'哈密瓜',6.3),('望京站',102300,'夏威夷果',9.9),('望京站',102300,'山楂果',12.5),('望京站',102300,'开心果',9),('望京站',102300,'无花果',13.3),('望京站',102300,'木瓜',13.3),('望京站',102300,'李',1.4),('望京站',102300,'杏',6.2),('望京站',102300,'杏仁',10),('望京站',102300,'杨桃',9.2),('望京站',102300,'杨梅',1.3),('望京站',102300,'松子',10),('望京站',102300,'板栗',4.8),('望京站',102300,'枇杷',0.2),('望京站',102300,'枣',17.7),('望京站',102300,'柑桔',1.9),('望京站',102300,'柑橘',11.1),('望京站',102300,'柚子',0.5),('望京站',102300,'柠檬',9),('望京站',102300,'柳丁',14.4),('望京站',102300,'树莓',14.4),('望京站',102300,'核桃',13.3),('望京站',102300,'桂圆',10),('望京站',102300,'桃子',14.4),('望京站',102300,'桔子',4.6),('望京站',102300,'梨',9),('望京站',102300,'榛子',10),('望京站',102300,'榴莲',13.3),('望京站',102300,'槟榔',15.4),('望京站',102300,'樱桃',11),('望京站',102300,'橄榄',15.8),('望京站',102300,'橘子',16.2),('望京站',102300,'橙子',15.4),('望京站',102300,'海棠果',9),('望京站',102300,'猕猴桃',17.4),('望京站',102300,'瓜类',19.6),('望京站',102300,'甜橙',17.4),('望京站',102300,'石榴',8.5),('望京站',102300,'腰果',1.8),('望京站',102300,'芒果',11.6),('望京站',102300,'苹果',1.4),('望京站',102300,'草莓',15.8),('望京站',102300,'荔枝',13.3),('望京站',102300,'葡萄',15.8),('望京站',102300,'葡萄柚',10),('望京站',102300,'蒲桃',9.6),('望京站',102300,'西瓜',13.8),('望京站',102300,'西番莲',1.8),('望京站',102300,'金桔',0.2),('望京站',102300,'银杏',0.2),('望京站',102300,'青梅',4.1),('望京站',102300,'香瓜',1.8),('望京站',102300,'龙眼',9.6),('梨园站',101100,'人参果',16.2),('梨园站',101100,'哈密瓜',11.1),('梨园站',101100,'夏威夷果',18),('梨园站',101100,'山楂果',7.8),('梨园站',101100,'开心果',9.6),('梨园站',101100,'无花果',14),('梨园站',101100,'木瓜',11.6),('梨园站',101100,'李',9.9),('梨园站',101100,'杏',18),('梨园站',101100,'杏仁',10),('梨园站',101100,'杨桃',15.4),('梨园站',101100,'杨梅',8.2),('梨园站',101100,'松子',16.5),('梨园站',101100,'板栗',15.8),('梨园站',101100,'枇杷',16.2),('梨园站',101100,'枣',10),('梨园站',101100,'柑桔',10),('梨园站',101100,'柑橘',14.5),('梨园站',101100,'柚子',11),('梨园站',101100,'柠檬',4.8),('梨园站',101100,'柳丁',7.8),('梨园站',101100,'树莓',11.6),('梨园站',101100,'核桃',12),('梨园站',101100,'桂圆',9.9),('梨园站',101100,'桃子',0.5),('梨园站',101100,'桔子',12.5),('梨园站',101100,'梨',18),('梨园站',101100,'榛子',9.6),('梨园站',101100,'榴莲',11.1),('梨园站',101100,'槟榔',12),('梨园站',101100,'樱桃',12.5),('梨园站',101100,'橄榄',15.7),('梨园站',101100,'橘子',13.3),('梨园站',101100,'橙子',17.4),('梨园站',101100,'海棠果',10),('梨园站',101100,'猕猴桃',17.7),('梨园站',101100,'瓜类',11),('梨园站',101100,'甜橙',15.4),('梨园站',101100,'石榴',15.5),('梨园站',101100,'腰果',9.6),('梨园站',101100,'芒果',16.2),('梨园站',101100,'苹果',12),('梨园站',101100,'草莓',9.9),('梨园站',101100,'荔枝',0.5),('梨园站',101100,'葡萄',0.5),('梨园站',101100,'葡萄柚',14.3),('梨园站',101100,'蒲桃',13.8),('梨园站',101100,'西瓜',10),('梨园站',101100,'西番莲',1.8),('梨园站',101100,'金桔',17.4),('梨园站',101100,'银杏',14),('梨园站',101100,'青梅',14),('梨园站',101100,'香瓜',10),('梨园站',101100,'龙眼',14.4),('沙河站',100020,'人参果',14.5),('沙河站',100020,'哈密瓜',15.5),('沙河站',100020,'夏威夷果',14),('沙河站',100020,'山楂果',17.7),('沙河站',100020,'开心果',1.8),('沙河站',100020,'无花果',13.3),('沙河站',100020,'木瓜',15.5),('沙河站',100020,'李',11.6),('沙河站',100020,'杏',6.3),('沙河站',100020,'杏仁',17.4),('沙河站',100020,'杨桃',15.8),('沙河站',100020,'杨梅',14),('沙河站',100020,'松子',15.7),('沙河站',100020,'板栗',11),('沙河站',100020,'枇杷',8.5),('沙河站',100020,'枣',8.2),('沙河站',100020,'柑桔',1.8),('沙河站',100020,'柑橘',1.8),('沙河站',100020,'柚子',1.4),('沙河站',100020,'柠檬',14.3),('沙河站',100020,'柳丁',4.1),('沙河站',100020,'树莓',1.8),('沙河站',100020,'核桃',11.6),('沙河站',100020,'桂圆',13.8),('沙河站',100020,'桃子',19.6),('沙河站',100020,'桔子',4.1),('沙河站',100020,'梨',10),('沙河站',100020,'榛子',0.5),('沙河站',100020,'榴莲',17.7),('沙河站',100020,'槟榔',11),('沙河站',100020,'樱桃',4.8),('沙河站',100020,'橄榄',15.5),('沙河站',100020,'橘子',16.2),('沙河站',100020,'橙子',13.8),('沙河站',100020,'海棠果',17.3),('沙河站',100020,'猕猴桃',0.2),('沙河站',100020,'瓜类',16.4),('沙河站',100020,'甜橙',7.8),('沙河站',100020,'石榴',4.8),('沙河站',100020,'腰果',1.8),('沙河站',100020,'芒果',1.4),('沙河站',100020,'苹果',10),('沙河站',100020,'草莓',11.6),('沙河站',100020,'荔枝',10),('沙河站',100020,'葡萄',5.1),('沙河站',100020,'葡萄柚',13.3),('沙河站',100020,'蒲桃',14),('沙河站',100020,'西瓜',15.8),('沙河站',100020,'西番莲',1.8),('沙河站',100020,'金桔',4.1),('沙河站',100020,'银杏',15.8),('沙河站',100020,'青梅',16.2),('沙河站',100020,'香瓜',18),('沙河站',100020,'龙眼',12),('清河站',102200,'人参果',12),('清河站',102200,'哈密瓜',12.5),('清河站',102200,'夏威夷果',14.4),('清河站',102200,'山楂果',4.8),('清河站',102200,'开心果',12),('清河站',102200,'无花果',4.1),('清河站',102200,'木瓜',9.2),('清河站',102200,'李',6.3),('清河站',102200,'杏',0.5),('清河站',102200,'杏仁',0.5),('清河站',102200,'杨桃',11.6),('清河站',102200,'杨梅',6.3),('清河站',102200,'松子',8.2),('清河站',102200,'板栗',12.5),('清河站',102200,'枇杷',14.4),('清河站',102200,'枣',5.1),('清河站',102200,'柑桔',10),('清河站',102200,'柑橘',7.8),('清河站',102200,'柚子',8.2),('清河站',102200,'柠檬',14),('清河站',102200,'柳丁',19.6),('清河站',102200,'树莓',17.7),('清河站',102200,'核桃',10),('清河站',102200,'桂圆',17.7),('清河站',102200,'桃子',12),('清河站',102200,'桔子',16.2),('清河站',102200,'梨',15.5),('清河站',102200,'榛子',11.6),('清河站',102200,'榴莲',9.9),('清河站',102200,'槟榔',11.1),('清河站',102200,'樱桃',4.6),('清河站',102200,'橄榄',11.1),('清河站',102200,'橘子',15.8),('清河站',102200,'橙子',17.7),('清河站',102200,'海棠果',1.8),('清河站',102200,'猕猴桃',15.4),('清河站',102200,'瓜类',15.4),('清河站',102200,'甜橙',18.9),('清河站',102200,'石榴',17.4),('清河站',102200,'腰果',15.4),('清河站',102200,'芒果',7.8),('清河站',102200,'苹果',14.3),('清河站',102200,'草莓',6.3),('清河站',102200,'荔枝',14.5),('清河站',102200,'葡萄',0.5),('清河站',102200,'葡萄柚',19.6),('清河站',102200,'蒲桃',11),('清河站',102200,'西瓜',1.9),('清河站',102200,'西番莲',11.1),('清河站',102200,'金桔',1.8),('清河站',102200,'银杏',16.2),('清河站',102200,'青梅',9.6),('清河站',102200,'香瓜',16.4),('清河站',102200,'龙眼',17.4),('温泉站',100020,'人参果',10),('温泉站',100020,'哈密瓜',7.8),('温泉站',100020,'夏威夷果',16.5),('温泉站',100020,'山楂果',17.4),('温泉站',100020,'开心果',0.2),('温泉站',100020,'无花果',16.2),('温泉站',100020,'木瓜',0.6),('温泉站',100020,'李',8.2),('温泉站',100020,'杏',16.2),('温泉站',100020,'杏仁',16.2),('温泉站',100020,'杨桃',18),('温泉站',100020,'杨梅',7.8),('温泉站',100020,'松子',15.5),('温泉站',100020,'板栗',0.6),('温泉站',100020,'枇杷',15.5),('温泉站',100020,'枣',12.5),('温泉站',100020,'柑桔',1.9),('温泉站',100020,'柑橘',12),('温泉站',100020,'柚子',14.3),('温泉站',100020,'柠檬',0.6),('温泉站',100020,'柳丁',16.2),('温泉站',100020,'树莓',1.3),('温泉站',100020,'核桃',1.9),('温泉站',100020,'桂圆',4.1),('温泉站',100020,'桃子',15.5),('温泉站',100020,'桔子',1.8),('温泉站',100020,'梨',9.6),('温泉站',100020,'榛子',11),('温泉站',100020,'榴莲',17.3),('温泉站',100020,'槟榔',11),('温泉站',100020,'樱桃',14.5),('温泉站',100020,'橄榄',15.4),('温泉站',100020,'橘子',17.7),('温泉站',100020,'橙子',7.8),('温泉站',100020,'海棠果',17.3),('温泉站',100020,'猕猴桃',1.8),('温泉站',100020,'瓜类',12),('温泉站',100020,'甜橙',9),('温泉站',100020,'石榴',15.5),('温泉站',100020,'腰果',9.2),('温泉站',100020,'芒果',18),('温泉站',100020,'苹果',17.7),('温泉站',100020,'草莓',4.6),('温泉站',100020,'荔枝',15.4),('温泉站',100020,'葡萄',8.5),('温泉站',100020,'葡萄柚',16.4),('温泉站',100020,'蒲桃',14),('温泉站',100020,'西瓜',13.3),('温泉站',100020,'西番莲',4.6),('温泉站',100020,'金桔',12),('温泉站',100020,'银杏',0.2),('温泉站',100020,'青梅',9.2),('温泉站',100020,'香瓜',0.5),('温泉站',100020,'龙眼',16.5),('灯市口站',100043,'人参果',1.8),('灯市口站',100043,'哈密瓜',7.8),('灯市口站',100043,'夏威夷果',6.2),('灯市口站',100043,'山楂果',15.7),('灯市口站',100043,'开心果',1.8),('灯市口站',100043,'无花果',13.8),('灯市口站',100043,'木瓜',6.2),('灯市口站',100043,'李',11.1),('灯市口站',100043,'杏',1.8),('灯市口站',100043,'杏仁',17.4),('灯市口站',100043,'杨桃',11.6),('灯市口站',100043,'杨梅',20),('灯市口站',100043,'松子',14.4),('灯市口站',100043,'板栗',9.2),('灯市口站',100043,'枇杷',4.8),('灯市口站',100043,'枣',8.2),('灯市口站',100043,'柑桔',4.8),('灯市口站',100043,'柑橘',9),('灯市口站',100043,'柚子',9),('灯市口站',100043,'柠檬',11.6),('灯市口站',100043,'柳丁',11),('灯市口站',100043,'树莓',0.5),('灯市口站',100043,'核桃',15.4),('灯市口站',100043,'桂圆',1.8),('灯市口站',100043,'桃子',14.4),('灯市口站',100043,'桔子',1.3),('灯市口站',100043,'梨',17.4),('灯市口站',100043,'榛子',15.5),('灯市口站',100043,'榴莲',18),('灯市口站',100043,'槟榔',9),('灯市口站',100043,'樱桃',4.8),('灯市口站',100043,'橄榄',18),('灯市口站',100043,'橘子',0.2),('灯市口站',100043,'橙子',6.2),('灯市口站',100043,'海棠果',18),('灯市口站',100043,'猕猴桃',17.3),('灯市口站',100043,'瓜类',14),('灯市口站',100043,'甜橙',15.4),('灯市口站',100043,'石榴',0.6),('灯市口站',100043,'腰果',16.4),('灯市口站',100043,'芒果',4.1),('灯市口站',100043,'苹果',4.1),('灯市口站',100043,'草莓',18.9),('灯市口站',100043,'荔枝',19.6),('灯市口站',100043,'葡萄',17.4),('灯市口站',100043,'葡萄柚',0.2),('灯市口站',100043,'蒲桃',17.7),('灯市口站',100043,'西瓜',4.6),('灯市口站',100043,'西番莲',6.2),('灯市口站',100043,'金桔',14),('灯市口站',100043,'银杏',19.6),('灯市口站',100043,'青梅',19.6),('灯市口站',100043,'香瓜',13.3),('灯市口站',100043,'龙眼',17.4),('石景山站',100071,'人参果',15.7),('石景山站',100071,'哈密瓜',8.2),('石景山站',100071,'夏威夷果',1.8),('石景山站',100071,'山楂果',17.7),('石景山站',100071,'开心果',0.2),('石景山站',100071,'无花果',0.5),('石景山站',100071,'木瓜',8.2),('石景山站',100071,'李',9.2),('石景山站',100071,'杏',17.4),('石景山站',100071,'杏仁',7.8),('石景山站',100071,'杨桃',0.2),('石景山站',100071,'杨梅',4.1),('石景山站',100071,'松子',15.5),('石景山站',100071,'板栗',4.8),('石景山站',100071,'枇杷',4.1),('石景山站',100071,'枣',4.1),('石景山站',100071,'柑桔',19.6),('石景山站',100071,'柑橘',5.1),('石景山站',100071,'柚子',16.2),('石景山站',100071,'柠檬',19.6),('石景山站',100071,'柳丁',14.5),('石景山站',100071,'树莓',7.8),('石景山站',100071,'核桃',12.5),('石景山站',100071,'桂圆',8.2),('石景山站',100071,'桃子',14.3),('石景山站',100071,'桔子',9.6),('石景山站',100071,'梨',4.8),('石景山站',100071,'榛子',17.3),('石景山站',100071,'榴莲',14),('石景山站',100071,'槟榔',1.3),('石景山站',100071,'樱桃',9.2),('石景山站',100071,'橄榄',10),('石景山站',100071,'橘子',18),('石景山站',100071,'橙子',15.4),('石景山站',100071,'海棠果',16.4),('石景山站',100071,'猕猴桃',14.4),('石景山站',100071,'瓜类',12.5),('石景山站',100071,'甜橙',11.1),('石景山站',100071,'石榴',1.8),('石景山站',100071,'腰果',18.9),('石景山站',100071,'芒果',4.8),('石景山站',100071,'苹果',9.2),('石景山站',100071,'草莓',16.2),('石景山站',100071,'荔枝',13.3),('石景山站',100071,'葡萄',15.7),('石景山站',100071,'葡萄柚',15.4),('石景山站',100071,'蒲桃',15.4),('石景山站',100071,'西瓜',19.6),('石景山站',100071,'西番莲',15.5),('石景山站',100071,'金桔',11.6),('石景山站',100071,'银杏',16.4),('石景山站',100071,'青梅',14.3),('石景山站',100071,'香瓜',20),('石景山站',100071,'龙眼',13.3),('程庄路站',100071,'人参果',14.5),('程庄路站',100071,'哈密瓜',15.8),('程庄路站',100071,'夏威夷果',11),('程庄路站',100071,'山楂果',19.6),('程庄路站',100071,'开心果',16.5),('程庄路站',100071,'无花果',9.2),('程庄路站',100071,'木瓜',1.8),('程庄路站',100071,'李',17.7),('程庄路站',100071,'杏',11),('程庄路站',100071,'杏仁',16.2),('程庄路站',100071,'杨桃',8.2),('程庄路站',100071,'杨梅',15.4),('程庄路站',100071,'松子',5.1),('程庄路站',100071,'板栗',1.8),('程庄路站',100071,'枇杷',1.8),('程庄路站',100071,'枣',18),('程庄路站',100071,'柑桔',19.6),('程庄路站',100071,'柑橘',15.8),('程庄路站',100071,'柚子',16.2),('程庄路站',100071,'柠檬',0.5),('程庄路站',100071,'柳丁',0.2),('程庄路站',100071,'树莓',11.6),('程庄路站',100071,'核桃',1.4),('程庄路站',100071,'桂圆',4.8),('程庄路站',100071,'桃子',14),('程庄路站',100071,'桔子',0.5),('程庄路站',100071,'梨',0.5),('程庄路站',100071,'榛子',12),('程庄路站',100071,'榴莲',10),('程庄路站',100071,'槟榔',11),('程庄路站',100071,'樱桃',11.1),('程庄路站',100071,'橄榄',10),('程庄路站',100071,'橘子',0.5),('程庄路站',100071,'橙子',10),('程庄路站',100071,'海棠果',12),('程庄路站',100071,'猕猴桃',15.8),('程庄路站',100071,'瓜类',10),('程庄路站',100071,'甜橙',0.6),('程庄路站',100071,'石榴',1.8),('程庄路站',100071,'腰果',12),('程庄路站',100071,'芒果',15.8),('程庄路站',100071,'苹果',6.3),('程庄路站',100071,'草莓',9.2),('程庄路站',100071,'荔枝',7.8),('程庄路站',100071,'葡萄',17.7),('程庄路站',100071,'葡萄柚',13.8),('程庄路站',100071,'蒲桃',11.1),('程庄路站',100071,'西瓜',10),('程庄路站',100071,'西番莲',13.8),('程庄路站',100071,'金桔',14),('程庄路站',100071,'银杏',4.1),('程庄路站',100071,'青梅',20),('程庄路站',100071,'香瓜',12),('程庄路站',100071,'龙眼',14),('航天城站',102200,'人参果',1.8),('航天城站',102200,'哈密瓜',1.9),('航天城站',102200,'夏威夷果',10),('航天城站',102200,'山楂果',13.3),('航天城站',102200,'开心果',9.6),('航天城站',102200,'无花果',10),('航天城站',102200,'木瓜',11.1),('航天城站',102200,'李',12),('航天城站',102200,'杏',4.1),('航天城站',102200,'杏仁',1.8),('航天城站',102200,'杨桃',16.4),('航天城站',102200,'杨梅',16.4),('航天城站',102200,'松子',1.8),('航天城站',102200,'板栗',0.5),('航天城站',102200,'枇杷',17.4),('航天城站',102200,'枣',14.4),('航天城站',102200,'柑桔',14.4),('航天城站',102200,'柑橘',18),('航天城站',102200,'柚子',14.5),('航天城站',102200,'柠檬',9.9),('航天城站',102200,'柳丁',9),('航天城站',102200,'树莓',11),('航天城站',102200,'核桃',16.2),('航天城站',102200,'桂圆',17.7),('航天城站',102200,'桃子',1.9),('航天城站',102200,'桔子',17.4),('航天城站',102200,'梨',4.1),('航天城站',102200,'榛子',13.3),('航天城站',102200,'榴莲',10),('航天城站',102200,'槟榔',14.4),('航天城站',102200,'樱桃',4.6),('航天城站',102200,'橄榄',4.1),('航天城站',102200,'橘子',20),('航天城站',102200,'橙子',15.4),('航天城站',102200,'海棠果',12),('航天城站',102200,'猕猴桃',17.4),('航天城站',102200,'瓜类',4.8),('航天城站',102200,'甜橙',14),('航天城站',102200,'石榴',0.5),('航天城站',102200,'腰果',16.4),('航天城站',102200,'芒果',10),('航天城站',102200,'苹果',5.1),('航天城站',102200,'草莓',13.8),('航天城站',102200,'荔枝',0.2),('航天城站',102200,'葡萄',17.3),('航天城站',102200,'葡萄柚',0.2),('航天城站',102200,'蒲桃',12),('航天城站',102200,'西瓜',0.5),('航天城站',102200,'西番莲',15.4),('航天城站',102200,'金桔',1.8),('航天城站',102200,'银杏',11.1),('航天城站',102200,'青梅',4.8),('航天城站',102200,'香瓜',17.7),('航天城站',102200,'龙眼',15.4),('良乡站',102400,'人参果',8.5),('良乡站',102400,'哈密瓜',14.5),('良乡站',102400,'夏威夷果',0.2),('良乡站',102400,'山楂果',0.2),('良乡站',102400,'开心果',15.4),('良乡站',102400,'无花果',0.6),('良乡站',102400,'木瓜',15.8),('良乡站',102400,'李',14.4),('良乡站',102400,'杏',4.1),('良乡站',102400,'杏仁',16.5),('良乡站',102400,'杨桃',9.6),('良乡站',102400,'杨梅',15.8),('良乡站',102400,'松子',18.9),('良乡站',102400,'板栗',12.5),('良乡站',102400,'枇杷',15.4),('良乡站',102400,'枣',0.2),('良乡站',102400,'柑桔',1.8),('良乡站',102400,'柑橘',4.1),('良乡站',102400,'柚子',1.3),('良乡站',102400,'柠檬',0.2),('良乡站',102400,'柳丁',11.1),('良乡站',102400,'树莓',9.6),('良乡站',102400,'核桃',14.4),('良乡站',102400,'桂圆',7.8),('良乡站',102400,'桃子',11),('良乡站',102400,'桔子',16.5),('良乡站',102400,'梨',12),('良乡站',102400,'榛子',7.8),('良乡站',102400,'榴莲',4.1),('良乡站',102400,'槟榔',14.5),('良乡站',102400,'樱桃',14.3),('良乡站',102400,'橄榄',4.8),('良乡站',102400,'橘子',4.1),('良乡站',102400,'橙子',11.6),('良乡站',102400,'海棠果',9.6),('良乡站',102400,'猕猴桃',12),('良乡站',102400,'瓜类',15.4),('良乡站',102400,'甜橙',13.3),('良乡站',102400,'石榴',12),('良乡站',102400,'腰果',14.5),('良乡站',102400,'芒果',4.1),('良乡站',102400,'苹果',15.5),('良乡站',102400,'草莓',14),('良乡站',102400,'荔枝',11),('良乡站',102400,'葡萄',17.7),('良乡站',102400,'葡萄柚',1.8),('良乡站',102400,'蒲桃',12),('良乡站',102400,'西瓜',6.2),('良乡站',102400,'西番莲',1.8),('良乡站',102400,'金桔',12),('良乡站',102400,'银杏',9.6),('良乡站',102400,'青梅',1.8),('良乡站',102400,'香瓜',16.2),('良乡站',102400,'龙眼',4.1),('花家地站',100080,'人参果',14.5),('花家地站',100080,'哈密瓜',15.4),('花家地站',100080,'夏威夷果',1.4),('花家地站',100080,'山楂果',17.4),('花家地站',100080,'开心果',4.8),('花家地站',100080,'无花果',1.3),('花家地站',100080,'木瓜',17.7),('花家地站',100080,'李',4.8),('花家地站',100080,'杏',9.9),('花家地站',100080,'杏仁',10),('花家地站',100080,'杨桃',7.8),('花家地站',100080,'杨梅',8.5),('花家地站',100080,'松子',10),('花家地站',100080,'板栗',4.1),('花家地站',100080,'枇杷',17.4),('花家地站',100080,'枣',17.3),('花家地站',100080,'柑桔',7.8),('花家地站',100080,'柑橘',9.6),('花家地站',100080,'柚子',4.6),('花家地站',100080,'柠檬',11.1),('花家地站',100080,'柳丁',16.4),('花家地站',100080,'树莓',4.8),('花家地站',100080,'核桃',1.4),('花家地站',100080,'桂圆',0.5),('花家地站',100080,'桃子',10),('花家地站',100080,'桔子',7.8),('花家地站',100080,'梨',14.4),('花家地站',100080,'榛子',7.8),('花家地站',100080,'榴莲',1.9),('花家地站',100080,'槟榔',10),('花家地站',100080,'樱桃',1.8),('花家地站',100080,'橄榄',18),('花家地站',100080,'橘子',20),('花家地站',100080,'橙子',16.2),('花家地站',100080,'海棠果',0.2),('花家地站',100080,'猕猴桃',5.1),('花家地站',100080,'瓜类',14.5),('花家地站',100080,'甜橙',4.8),('花家地站',100080,'石榴',9.2),('花家地站',100080,'腰果',1.8),('花家地站',100080,'芒果',15.8),('花家地站',100080,'苹果',9.9),('花家地站',100080,'草莓',13.8),('花家地站',100080,'荔枝',15.8),('花家地站',100080,'葡萄',11),('花家地站',100080,'葡萄柚',18),('花家地站',100080,'蒲桃',20),('花家地站',100080,'西瓜',16.2),('花家地站',100080,'西番莲',12),('花家地站',100080,'金桔',9.6),('花家地站',100080,'银杏',16.2),('花家地站',100080,'青梅',10),('花家地站',100080,'香瓜',16.2),('花家地站',100080,'龙眼',1.8),('菊园站',100080,'人参果',9),('菊园站',100080,'哈密瓜',19.6),('菊园站',100080,'夏威夷果',4.8),('菊园站',100080,'山楂果',13.3),('菊园站',100080,'开心果',4.1),('菊园站',100080,'无花果',15.8),('菊园站',100080,'木瓜',9.6),('菊园站',100080,'李',16.4),('菊园站',100080,'杏',12),('菊园站',100080,'杏仁',15.8),('菊园站',100080,'杨桃',12),('菊园站',100080,'杨梅',4.1),('菊园站',100080,'松子',8.5),('菊园站',100080,'板栗',15.8),('菊园站',100080,'枇杷',14.5),('菊园站',100080,'枣',1.3),('菊园站',100080,'柑桔',12.5),('菊园站',100080,'柑橘',15.8),('菊园站',100080,'柚子',9.9),('菊园站',100080,'柠檬',14),('菊园站',100080,'柳丁',14),('菊园站',100080,'树莓',12),('菊园站',100080,'核桃',9.2),('菊园站',100080,'桂圆',15.4),('菊园站',100080,'桃子',4.1),('菊园站',100080,'桔子',12),('菊园站',100080,'梨',1.3),('菊园站',100080,'榛子',8.5),('菊园站',100080,'榴莲',15.7),('菊园站',100080,'槟榔',15.8),('菊园站',100080,'樱桃',7.8),('菊园站',100080,'橄榄',20),('菊园站',100080,'橘子',4.1),('菊园站',100080,'橙子',6.2),('菊园站',100080,'海棠果',9.6),('菊园站',100080,'猕猴桃',12),('菊园站',100080,'瓜类',0.2),('菊园站',100080,'甜橙',15.8),('菊园站',100080,'石榴',13.3),('菊园站',100080,'腰果',6.2),('菊园站',100080,'芒果',11.6),('菊园站',100080,'苹果',4.1),('菊园站',100080,'草莓',7.8),('菊园站',100080,'荔枝',1.3),('菊园站',100080,'葡萄',6.2),('菊园站',100080,'葡萄柚',0.5),('菊园站',100080,'蒲桃',16.2),('菊园站',100080,'西瓜',15.7),('菊园站',100080,'西番莲',20),('菊园站',100080,'金桔',10),('菊园站',100080,'银杏',15.7),('菊园站',100080,'青梅',0.5),('菊园站',100080,'香瓜',15.4),('菊园站',100080,'龙眼',10),('西三旗站',100080,'人参果',6.3),('西三旗站',100080,'哈密瓜',1.3),('西三旗站',100080,'夏威夷果',4.8),('西三旗站',100080,'山楂果',0.6),('西三旗站',100080,'开心果',13.3),('西三旗站',100080,'无花果',9.2),('西三旗站',100080,'木瓜',10),('西三旗站',100080,'李',19.6),('西三旗站',100080,'杏',11.1),('西三旗站',100080,'杏仁',0.5),('西三旗站',100080,'杨桃',11),('西三旗站',100080,'杨梅',9),('西三旗站',100080,'松子',4.8),('西三旗站',100080,'板栗',8.2),('西三旗站',100080,'枇杷',12),('西三旗站',100080,'枣',9.6),('西三旗站',100080,'柑桔',19.6),('西三旗站',100080,'柑橘',11),('西三旗站',100080,'柚子',13.3),('西三旗站',100080,'柠檬',10),('西三旗站',100080,'柳丁',14.4),('西三旗站',100080,'树莓',9),('西三旗站',100080,'核桃',4.6),('西三旗站',100080,'桂圆',15.8),('西三旗站',100080,'桃子',7.8),('西三旗站',100080,'桔子',15.8),('西三旗站',100080,'梨',9.6),('西三旗站',100080,'榛子',10),('西三旗站',100080,'榴莲',4.1),('西三旗站',100080,'槟榔',9.6),('西三旗站',100080,'樱桃',4.1),('西三旗站',100080,'橄榄',13.8),('西三旗站',100080,'橘子',14.4),('西三旗站',100080,'橙子',9),('西三旗站',100080,'海棠果',8.2),('西三旗站',100080,'猕猴桃',12),('西三旗站',100080,'瓜类',11.1),('西三旗站',100080,'甜橙',6.3),('西三旗站',100080,'石榴',16.4),('西三旗站',100080,'腰果',1.9),('西三旗站',100080,'芒果',16.5),('西三旗站',100080,'苹果',16.4),('西三旗站',100080,'草莓',9.9),('西三旗站',100080,'荔枝',18.9),('西三旗站',100080,'葡萄',16.2),('西三旗站',100080,'葡萄柚',4.1),('西三旗站',100080,'蒲桃',6.3),('西三旗站',100080,'西瓜',4.8),('西三旗站',100080,'西番莲',7.8),('西三旗站',100080,'金桔',15.4),('西三旗站',100080,'银杏',18.9),('西三旗站',100080,'青梅',19.6),('西三旗站',100080,'香瓜',15.4),('西三旗站',100080,'龙眼',16.2),('西八里庄站',102400,'人参果',18.9),('西八里庄站',102400,'哈密瓜',15.7),('西八里庄站',102400,'夏威夷果',16.4),('西八里庄站',102400,'山楂果',14.5),('西八里庄站',102400,'开心果',0.2),('西八里庄站',102400,'无花果',16.2),('西八里庄站',102400,'木瓜',16.2),('西八里庄站',102400,'李',12),('西八里庄站',102400,'杏',4.1),('西八里庄站',102400,'杏仁',12.5),('西八里庄站',102400,'杨桃',16.5),('西八里庄站',102400,'杨梅',17.4),('西八里庄站',102400,'松子',0.6),('西八里庄站',102400,'板栗',15.5),('西八里庄站',102400,'枇杷',12),('西八里庄站',102400,'枣',15.5),('西八里庄站',102400,'柑桔',7.8),('西八里庄站',102400,'柑橘',12),('西八里庄站',102400,'柚子',14.4),('西八里庄站',102400,'柠檬',0.5),('西八里庄站',102400,'柳丁',18.9),('西八里庄站',102400,'树莓',0.5),('西八里庄站',102400,'核桃',4.8),('西八里庄站',102400,'桂圆',16.2),('西八里庄站',102400,'桃子',16.4),('西八里庄站',102400,'桔子',10),('西八里庄站',102400,'梨',10),('西八里庄站',102400,'榛子',12.5),('西八里庄站',102400,'榴莲',15.4),('西八里庄站',102400,'槟榔',0.2),('西八里庄站',102400,'樱桃',4.1),('西八里庄站',102400,'橄榄',0.5),('西八里庄站',102400,'橘子',17.7),('西八里庄站',102400,'橙子',10),('西八里庄站',102400,'海棠果',15.7),('西八里庄站',102400,'猕猴桃',8.2),('西八里庄站',102400,'瓜类',11.6),('西八里庄站',102400,'甜橙',11.1),('西八里庄站',102400,'石榴',9.9),('西八里庄站',102400,'腰果',10),('西八里庄站',102400,'芒果',11.6),('西八里庄站',102400,'苹果',14),('西八里庄站',102400,'草莓',15.7),('西八里庄站',102400,'荔枝',1.3),('西八里庄站',102400,'葡萄',16.4),('西八里庄站',102400,'葡萄柚',0.5),('西八里庄站',102400,'蒲桃',11),('西八里庄站',102400,'西瓜',9),('西八里庄站',102400,'西番莲',19.6),('西八里庄站',102400,'金桔',0.2),('西八里庄站',102400,'银杏',4.8),('西八里庄站',102400,'青梅',15.8),('西八里庄站',102400,'香瓜',16.2),('西八里庄站',102400,'龙眼',10),('通州站',102300,'人参果',0.5),('通州站',102300,'哈密瓜',14),('通州站',102300,'夏威夷果',18.9),('通州站',102300,'山楂果',6.2),('通州站',102300,'开心果',7.8),('通州站',102300,'无花果',4.8),('通州站',102300,'木瓜',4.1),('通州站',102300,'李',4.1),('通州站',102300,'杏',4.8),('通州站',102300,'杏仁',11),('通州站',102300,'杨桃',16.4),('通州站',102300,'杨梅',5.1),('通州站',102300,'松子',15.8),('通州站',102300,'板栗',16.4),('通州站',102300,'枇杷',18),('通州站',102300,'枣',14.3),('通州站',102300,'柑桔',1.3),('通州站',102300,'柑橘',18),('通州站',102300,'柚子',4.6),('通州站',102300,'柠檬',15.4),('通州站',102300,'柳丁',15.5),('通州站',102300,'树莓',4.1),('通州站',102300,'核桃',4.8),('通州站',102300,'桂圆',14),('通州站',102300,'桃子',15.4),('通州站',102300,'桔子',15.4),('通州站',102300,'梨',16.4),('通州站',102300,'榛子',4.8),('通州站',102300,'榴莲',0.5),('通州站',102300,'槟榔',1.9),('通州站',102300,'樱桃',11.1),('通州站',102300,'橄榄',4.1),('通州站',102300,'橘子',12),('通州站',102300,'橙子',7.8),('通州站',102300,'海棠果',18),('通州站',102300,'猕猴桃',18.9),('通州站',102300,'瓜类',9.6),('通州站',102300,'甜橙',1.8),('通州站',102300,'石榴',7.8),('通州站',102300,'腰果',13.8),('通州站',102300,'芒果',14),('通州站',102300,'苹果',14.4),('通州站',102300,'草莓',10),('通州站',102300,'荔枝',1.4),('通州站',102300,'葡萄',15.5),('通州站',102300,'葡萄柚',15.5),('通州站',102300,'蒲桃',1.4),('通州站',102300,'西瓜',1.8),('通州站',102300,'西番莲',15.4),('通州站',102300,'金桔',12.5),('通州站',102300,'银杏',1.3),('通州站',102300,'青梅',15.5),('通州站',102300,'香瓜',0.5),('通州站',102300,'龙眼',15.8),('酒仙桥站',100043,'人参果',9.9),('酒仙桥站',100043,'哈密瓜',1.4),('酒仙桥站',100043,'夏威夷果',16.2),('酒仙桥站',100043,'山楂果',12),('酒仙桥站',100043,'开心果',17.4),('酒仙桥站',100043,'无花果',12),('酒仙桥站',100043,'木瓜',0.5),('酒仙桥站',100043,'李',9.9),('酒仙桥站',100043,'杏',14),('酒仙桥站',100043,'杏仁',11.1),('酒仙桥站',100043,'杨桃',20),('酒仙桥站',100043,'杨梅',16.2),('酒仙桥站',100043,'松子',4.1),('酒仙桥站',100043,'板栗',20),('酒仙桥站',100043,'枇杷',12),('酒仙桥站',100043,'枣',8.2),('酒仙桥站',100043,'柑桔',13.3),('酒仙桥站',100043,'柑橘',13.3),('酒仙桥站',100043,'柚子',14),('酒仙桥站',100043,'柠檬',12),('酒仙桥站',100043,'柳丁',13.3),('酒仙桥站',100043,'树莓',10),('酒仙桥站',100043,'核桃',9.6),('酒仙桥站',100043,'桂圆',12),('酒仙桥站',100043,'桃子',4.8),('酒仙桥站',100043,'桔子',15.8),('酒仙桥站',100043,'梨',4.8),('酒仙桥站',100043,'榛子',13.3),('酒仙桥站',100043,'榴莲',9.2),('酒仙桥站',100043,'槟榔',9.6),('酒仙桥站',100043,'樱桃',13.3),('酒仙桥站',100043,'橄榄',1.4),('酒仙桥站',100043,'橘子',16.2),('酒仙桥站',100043,'橙子',0.6),('酒仙桥站',100043,'海棠果',14),('酒仙桥站',100043,'猕猴桃',16.4),('酒仙桥站',100043,'瓜类',9.6),('酒仙桥站',100043,'甜橙',16.4),('酒仙桥站',100043,'石榴',14),('酒仙桥站',100043,'腰果',9.6),('酒仙桥站',100043,'芒果',16.2),('酒仙桥站',100043,'苹果',4.8),('酒仙桥站',100043,'草莓',4.1),('酒仙桥站',100043,'荔枝',12),('酒仙桥站',100043,'葡萄',13.3),('酒仙桥站',100043,'葡萄柚',17.4),('酒仙桥站',100043,'蒲桃',9),('酒仙桥站',100043,'西瓜',15.4),('酒仙桥站',100043,'西番莲',12.5),('酒仙桥站',100043,'金桔',9.6),('酒仙桥站',100043,'银杏',16.4),('酒仙桥站',100043,'青梅',17.3),('酒仙桥站',100043,'香瓜',17.7),('酒仙桥站',100043,'龙眼',4.1),('银地家园站',102400,'人参果',15.7),('银地家园站',102400,'哈密瓜',0.5),('银地家园站',102400,'夏威夷果',16.2),('银地家园站',102400,'山楂果',14),('银地家园站',102400,'开心果',1.8),('银地家园站',102400,'无花果',4.1),('银地家园站',102400,'木瓜',12),('银地家园站',102400,'李',16.2),('银地家园站',102400,'杏',14.3),('银地家园站',102400,'杏仁',13.8),('银地家园站',102400,'杨桃',17.4),('银地家园站',102400,'杨梅',4.1),('银地家园站',102400,'松子',10),('银地家园站',102400,'板栗',14.3),('银地家园站',102400,'枇杷',14.5),('银地家园站',102400,'枣',5.1),('银地家园站',102400,'柑桔',18.9),('银地家园站',102400,'柑橘',16.4),('银地家园站',102400,'柚子',4.6),('银地家园站',102400,'柠檬',4.6),('银地家园站',102400,'柳丁',9.2),('银地家园站',102400,'树莓',1.3),('银地家园站',102400,'核桃',4.8),('银地家园站',102400,'桂圆',4.1),('银地家园站',102400,'桃子',6.3),('银地家园站',102400,'桔子',1.8),('银地家园站',102400,'梨',4.1),('银地家园站',102400,'榛子',16.2),('银地家园站',102400,'榴莲',4.1),('银地家园站',102400,'槟榔',15.5),('银地家园站',102400,'樱桃',9.2),('银地家园站',102400,'橄榄',9.2),('银地家园站',102400,'橘子',12.5),('银地家园站',102400,'橙子',7.8),('银地家园站',102400,'海棠果',4.8),('银地家园站',102400,'猕猴桃',1.9),('银地家园站',102400,'瓜类',7.8),('银地家园站',102400,'甜橙',20),('银地家园站',102400,'石榴',16.4),('银地家园站',102400,'腰果',9.6),('银地家园站',102400,'芒果',12.5),('银地家园站',102400,'苹果',15.8),('银地家园站',102400,'草莓',10),('银地家园站',102400,'荔枝',14.3),('银地家园站',102400,'葡萄',1.3),('银地家园站',102400,'葡萄柚',11.1),('银地家园站',102400,'蒲桃',7.8),('银地家园站',102400,'西瓜',16.4),('银地家园站',102400,'西番莲',15.5),('银地家园站',102400,'金桔',15.4),('银地家园站',102400,'银杏',11),('银地家园站',102400,'青梅',12),('银地家园站',102400,'香瓜',11.1),('银地家园站',102400,'龙眼',4.1),('门头沟站',102400,'人参果',17.3),('门头沟站',102400,'哈密瓜',7.8),('门头沟站',102400,'夏威夷果',4.1),('门头沟站',102400,'山楂果',17.4),('门头沟站',102400,'开心果',10),('门头沟站',102400,'无花果',17.3),('门头沟站',102400,'木瓜',14),('门头沟站',102400,'李',4.1),('门头沟站',102400,'杏',7.8),('门头沟站',102400,'杏仁',13.3),('门头沟站',102400,'杨桃',16.5),('门头沟站',102400,'杨梅',17.3),('门头沟站',102400,'松子',0.5),('门头沟站',102400,'板栗',16.2),('门头沟站',102400,'枇杷',13.3),('门头沟站',102400,'枣',1.3),('门头沟站',102400,'柑桔',9.2),('门头沟站',102400,'柑橘',1.4),('门头沟站',102400,'柚子',7.8),('门头沟站',102400,'柠檬',11.1),('门头沟站',102400,'柳丁',1.8),('门头沟站',102400,'树莓',9.2),('门头沟站',102400,'核桃',16.2),('门头沟站',102400,'桂圆',17.3),('门头沟站',102400,'桃子',7.8),('门头沟站',102400,'桔子',10),('门头沟站',102400,'梨',17.3),('门头沟站',102400,'榛子',6.3),('门头沟站',102400,'榴莲',0.2),('门头沟站',102400,'槟榔',17.7),('门头沟站',102400,'樱桃',13.3),('门头沟站',102400,'橄榄',17.7),('门头沟站',102400,'橘子',15.8),('门头沟站',102400,'橙子',11.1),('门头沟站',102400,'海棠果',9.6),('门头沟站',102400,'猕猴桃',17.3),('门头沟站',102400,'瓜类',9.2),('门头沟站',102400,'甜橙',15.8),('门头沟站',102400,'石榴',16.5),('门头沟站',102400,'腰果',6.2),('门头沟站',102400,'芒果',18.9),('门头沟站',102400,'苹果',16.5),('门头沟站',102400,'草莓',17.4),('门头沟站',102400,'荔枝',4.1),('门头沟站',102400,'葡萄',13.3),('门头沟站',102400,'葡萄柚',15.5),('门头沟站',102400,'蒲桃',8.2),('门头沟站',102400,'西瓜',10),('门头沟站',102400,'西番莲',12),('门头沟站',102400,'金桔',16.2),('门头沟站',102400,'银杏',16.2),('门头沟站',102400,'青梅',16.4),('门头沟站',102400,'香瓜',17.7),('门头沟站',102400,'龙眼',18),('顺义站',101100,'人参果',18),('顺义站',101100,'哈密瓜',18),('顺义站',101100,'夏威夷果',16.2),('顺义站',101100,'山楂果',9.2),('顺义站',101100,'开心果',15.4),('顺义站',101100,'无花果',14),('顺义站',101100,'木瓜',16.2),('顺义站',101100,'李',9.6),('顺义站',101100,'杏',13.3),('顺义站',101100,'杏仁',7.8),('顺义站',101100,'杨桃',8.5),('顺义站',101100,'杨梅',1.3),('顺义站',101100,'松子',14),('顺义站',101100,'板栗',17.4),('顺义站',101100,'枇杷',17.3),('顺义站',101100,'枣',4.8),('顺义站',101100,'柑桔',11.1),('顺义站',101100,'柑橘',17.4),('顺义站',101100,'柚子',16.4),('顺义站',101100,'柠檬',16.4),('顺义站',101100,'柳丁',10),('顺义站',101100,'树莓',12),('顺义站',101100,'核桃',16.4),('顺义站',101100,'桂圆',4.1),('顺义站',101100,'桃子',13.3),('顺义站',101100,'桔子',0.6),('顺义站',101100,'梨',12.5),('顺义站',101100,'榛子',16.5),('顺义站',101100,'榴莲',4.8),('顺义站',101100,'槟榔',16.4),('顺义站',101100,'樱桃',4.6),('顺义站',101100,'橄榄',0.5),('顺义站',101100,'橘子',17.3),('顺义站',101100,'橙子',0.5),('顺义站',101100,'海棠果',12),('顺义站',101100,'猕猴桃',8.2),('顺义站',101100,'瓜类',17.3),('顺义站',101100,'甜橙',16.5),('顺义站',101100,'石榴',11.1),('顺义站',101100,'腰果',16.4),('顺义站',101100,'芒果',6.2),('顺义站',101100,'苹果',13.3),('顺义站',101100,'草莓',4.8),('顺义站',101100,'荔枝',13.8),('顺义站',101100,'葡萄',14),('顺义站',101100,'葡萄柚',9.6),('顺义站',101100,'蒲桃',17.4),('顺义站',101100,'西瓜',1.3),('顺义站',101100,'西番莲',12),('顺义站',101100,'金桔',1.8),('顺义站',101100,'银杏',12.5),('顺义站',101100,'青梅',14),('顺义站',101100,'香瓜',15.8),('顺义站',101100,'龙眼',18),('马泉营站',100080,'人参果',17.7),('马泉营站',100080,'哈密瓜',7.8),('马泉营站',100080,'夏威夷果',6.3),('马泉营站',100080,'山楂果',0.2),('马泉营站',100080,'开心果',13.3),('马泉营站',100080,'无花果',17.7),('马泉营站',100080,'木瓜',11.6),('马泉营站',100080,'李',5.1),('马泉营站',100080,'杏',4.8),('马泉营站',100080,'杏仁',16.2),('马泉营站',100080,'杨桃',15.4),('马泉营站',100080,'杨梅',20),('马泉营站',100080,'松子',10),('马泉营站',100080,'板栗',16.5),('马泉营站',100080,'枇杷',9.9),('马泉营站',100080,'枣',5.1),('马泉营站',100080,'柑桔',6.3),('马泉营站',100080,'柑橘',13.3),('马泉营站',100080,'柚子',16.2),('马泉营站',100080,'柠檬',4.8),('马泉营站',100080,'柳丁',11),('马泉营站',100080,'树莓',7.8),('马泉营站',100080,'核桃',15.8),('马泉营站',100080,'桂圆',10),('马泉营站',100080,'桃子',4.8),('马泉营站',100080,'桔子',1.4),('马泉营站',100080,'梨',4.8),('马泉营站',100080,'榛子',12),('马泉营站',100080,'榴莲',16.2),('马泉营站',100080,'槟榔',1.9),('马泉营站',100080,'樱桃',6.2),('马泉营站',100080,'橄榄',16.4),('马泉营站',100080,'橘子',8.5),('马泉营站',100080,'橙子',14),('马泉营站',100080,'海棠果',16.2),('马泉营站',100080,'猕猴桃',1.4),('马泉营站',100080,'瓜类',1.9),('马泉营站',100080,'甜橙',9.2),('马泉营站',100080,'石榴',14),('马泉营站',100080,'腰果',14.5),('马泉营站',100080,'芒果',11),('马泉营站',100080,'苹果',0.6),('马泉营站',100080,'草莓',9.6),('马泉营站',100080,'荔枝',14),('马泉营站',100080,'葡萄',9.9),('马泉营站',100080,'葡萄柚',14.5),('马泉营站',100080,'蒲桃',7.8),('马泉营站',100080,'西瓜',16.5),('马泉营站',100080,'西番莲',11.6),('马泉营站',100080,'金桔',7.8),('马泉营站',100080,'银杏',7.8),('马泉营站',100080,'青梅',6.2),('马泉营站',100080,'香瓜',4.1),('马泉营站',100080,'龙眼',8.2),('马连道站',101100,'人参果',9.6),('马连道站',101100,'哈密瓜',1.8),('马连道站',101100,'夏威夷果',11),('马连道站',101100,'山楂果',15.4),('马连道站',101100,'开心果',4.1),('马连道站',101100,'无花果',6.3),('马连道站',101100,'木瓜',8.5),('马连道站',101100,'李',4.8),('马连道站',101100,'杏',7.8),('马连道站',101100,'杏仁',4.8),('马连道站',101100,'杨桃',4.6),('马连道站',101100,'杨梅',14),('马连道站',101100,'松子',12),('马连道站',101100,'板栗',6.2),('马连道站',101100,'枇杷',12),('马连道站',101100,'枣',17.7),('马连道站',101100,'柑桔',19.6),('马连道站',101100,'柑橘',1.8),('马连道站',101100,'柚子',16.4),('马连道站',101100,'柠檬',4.8),('马连道站',101100,'柳丁',6.3),('马连道站',101100,'树莓',12),('马连道站',101100,'核桃',12),('马连道站',101100,'桂圆',17.4),('马连道站',101100,'桃子',11.1),('马连道站',101100,'桔子',1.3),('马连道站',101100,'梨',1.8),('马连道站',101100,'榛子',15.5),('马连道站',101100,'榴莲',10),('马连道站',101100,'槟榔',9.9),('马连道站',101100,'樱桃',13.3),('马连道站',101100,'橄榄',0.5),('马连道站',101100,'橘子',15.8),('马连道站',101100,'橙子',6.2),('马连道站',101100,'海棠果',14.5),('马连道站',101100,'猕猴桃',1.9),('马连道站',101100,'瓜类',10),('马连道站',101100,'甜橙',16.2),('马连道站',101100,'石榴',15.7),('马连道站',101100,'腰果',11),('马连道站',101100,'芒果',11.1),('马连道站',101100,'苹果',8.2),('马连道站',101100,'草莓',9.6),('马连道站',101100,'荔枝',13.8),('马连道站',101100,'葡萄',4.8),('马连道站',101100,'葡萄柚',4.8),('马连道站',101100,'蒲桃',12.5),('马连道站',101100,'西瓜',0.5),('马连道站',101100,'西番莲',16.5),('马连道站',101100,'金桔',4.6),('马连道站',101100,'银杏',13.3),('马连道站',101100,'青梅',4.8),('马连道站',101100,'香瓜',16.2),('马连道站',101100,'龙眼',10),('马驹桥站',101100,'人参果',13.3),('马驹桥站',101100,'哈密瓜',12),('马驹桥站',101100,'夏威夷果',12),('马驹桥站',101100,'山楂果',5.1),('马驹桥站',101100,'开心果',4.8),('马驹桥站',101100,'无花果',14.5),('马驹桥站',101100,'木瓜',9.6),('马驹桥站',101100,'李',15.5),('马驹桥站',101100,'杏',15.8),('马驹桥站',101100,'杏仁',1.8),('马驹桥站',101100,'杨桃',6.3),('马驹桥站',101100,'杨梅',18),('马驹桥站',101100,'松子',0.5),('马驹桥站',101100,'板栗',17.7),('马驹桥站',101100,'枇杷',1.9),('马驹桥站',101100,'枣',12),('马驹桥站',101100,'柑桔',17.3),('马驹桥站',101100,'柑橘',7.8),('马驹桥站',101100,'柚子',15.8),('马驹桥站',101100,'柠檬',12.5),('马驹桥站',101100,'柳丁',14.3),('马驹桥站',101100,'树莓',0.2),('马驹桥站',101100,'核桃',10),('马驹桥站',101100,'桂圆',16.2),('马驹桥站',101100,'桃子',4.8),('马驹桥站',101100,'桔子',15.4),('马驹桥站',101100,'梨',15.8),('马驹桥站',101100,'榛子',4.8),('马驹桥站',101100,'榴莲',4.8),('马驹桥站',101100,'槟榔',19.6),('马驹桥站',101100,'樱桃',0.5),('马驹桥站',101100,'橄榄',15.8),('马驹桥站',101100,'橘子',18),('马驹桥站',101100,'橙子',16.2),('马驹桥站',101100,'海棠果',1.9),('马驹桥站',101100,'猕猴桃',20),('马驹桥站',101100,'瓜类',10),('马驹桥站',101100,'甜橙',9),('马驹桥站',101100,'石榴',0.6),('马驹桥站',101100,'腰果',10),('马驹桥站',101100,'芒果',1.8),('马驹桥站',101100,'苹果',18.9),('马驹桥站',101100,'草莓',9.2),('马驹桥站',101100,'荔枝',9.9),('马驹桥站',101100,'葡萄',1.8),('马驹桥站',101100,'葡萄柚',18),('马驹桥站',101100,'蒲桃',1.8),('马驹桥站',101100,'西瓜',15.4),('马驹桥站',101100,'西番莲',1.8),('马驹桥站',101100,'金桔',13.8),('马驹桥站',101100,'银杏',5.1),('马驹桥站',101100,'青梅',5.1),('马驹桥站',101100,'香瓜',0.5),('马驹桥站',101100,'龙眼',6.3),('龙旺庄站',102600,'人参果',12),('龙旺庄站',102600,'哈密瓜',15.4),('龙旺庄站',102600,'夏威夷果',0.6),('龙旺庄站',102600,'山楂果',9.6),('龙旺庄站',102600,'开心果',14),('龙旺庄站',102600,'无花果',15.4),('龙旺庄站',102600,'木瓜',10),('龙旺庄站',102600,'李',10),('龙旺庄站',102600,'杏',19.6),('龙旺庄站',102600,'杏仁',17.4),('龙旺庄站',102600,'杨桃',11.1),('龙旺庄站',102600,'杨梅',7.8),('龙旺庄站',102600,'松子',10),('龙旺庄站',102600,'板栗',7.8),('龙旺庄站',102600,'枇杷',15.8),('龙旺庄站',102600,'枣',4.8),('龙旺庄站',102600,'柑桔',1.8),('龙旺庄站',102600,'柑橘',12),('龙旺庄站',102600,'柚子',20),('龙旺庄站',102600,'柠檬',6.3),('龙旺庄站',102600,'柳丁',9.6),('龙旺庄站',102600,'树莓',14),('龙旺庄站',102600,'核桃',11.1),('龙旺庄站',102600,'桂圆',4.8),('龙旺庄站',102600,'桃子',9),('龙旺庄站',102600,'桔子',15.8),('龙旺庄站',102600,'梨',0.2),('龙旺庄站',102600,'榛子',0.5),('龙旺庄站',102600,'榴莲',16.2),('龙旺庄站',102600,'槟榔',11.1),('龙旺庄站',102600,'樱桃',12.5),('龙旺庄站',102600,'橄榄',12),('龙旺庄站',102600,'橘子',13.3),('龙旺庄站',102600,'橙子',16.2),('龙旺庄站',102600,'海棠果',15.8),('龙旺庄站',102600,'猕猴桃',16.2),('龙旺庄站',102600,'瓜类',16.5),('龙旺庄站',102600,'甜橙',4.1),('龙旺庄站',102600,'石榴',18.9),('龙旺庄站',102600,'腰果',9),('龙旺庄站',102600,'芒果',0.2),('龙旺庄站',102600,'苹果',8.5),('龙旺庄站',102600,'草莓',4.1),('龙旺庄站',102600,'荔枝',0.2),('龙旺庄站',102600,'葡萄',11.1),('龙旺庄站',102600,'葡萄柚',4.1),('龙旺庄站',102600,'蒲桃',10),('龙旺庄站',102600,'西瓜',15.7),('龙旺庄站',102600,'西番莲',15.8),('龙旺庄站',102600,'金桔',13.3),('龙旺庄站',102600,'银杏',4.6),('龙旺庄站',102600,'青梅',9.2),('龙旺庄站',102600,'香瓜',7.8),('龙旺庄站',102600,'龙眼',15.8),('﻿中关村自提点',100010,'葡萄',14.4);
/*!40000 ALTER TABLE `delivery_have_product` ENABLE KEYS */;
UNLOCK TABLES;

--
-- Temporary view structure for view `o`
--

DROP TABLE IF EXISTS `o`;
/*!50001 DROP VIEW IF EXISTS `o`*/;
SET @saved_cs_client     = @@character_set_client;
SET character_set_client = utf8;
/*!50001 CREATE VIEW `o` AS SELECT 
 1 AS `delivery_code`,
 1 AS `customer_id`,
 1 AS `product_name`,
 1 AS `total`*/;
SET character_set_client = @saved_cs_client;

--
-- Table structure for table `onsale`
--

DROP TABLE IF EXISTS `onsale`;
/*!40101 SET @saved_cs_client     = @@character_set_client */;
/*!40101 SET character_set_client = utf8 */;
CREATE TABLE `onsale` (
  `product_name` varchar(45) NOT NULL,
  `delivery_name` varchar(45) NOT NULL,
  `district_id` int(11) NOT NULL,
  PRIMARY KEY (`product_name`,`delivery_name`,`district_id`)
) ENGINE=InnoDB DEFAULT CHARSET=utf8;
/*!40101 SET character_set_client = @saved_cs_client */;

--
-- Dumping data for table `onsale`
--

LOCK TABLES `onsale` WRITE;
/*!40000 ALTER TABLE `onsale` DISABLE KEYS */;
INSERT INTO `onsale` VALUES ('人参果','北京太平家园站',100032),('人参果','北京海淀站',100010),('哈密瓜','北京久敬庄站',102300),('哈密瓜','小鲁店站',102600),('夏威夷果','北京东高地站',102200),('夏威夷果','北京百荣站',102600),('夏威夷果','北京西苑自提点',100010),('夏威夷果','昌平站',100020),('夏威夷果','良乡站',102400),('山楂果','北京百荣站',102600),('山楂果','良乡站',102400),('山楂果','马泉营站',100080),('开心果','东大桥站',100043),('开心果','北京乔庄站',100032),('开心果','北京小屯站',102300),('开心果','北京朝林自提点',100010),('开心果','北京邢各庄站',102600),('开心果','北京邮电大学站',100010),('开心果','北京长子营站',100071),('开心果','温泉站',100020),('开心果','石景山站',100071),('开心果','西八里庄站',102400),('无花果','北京保安庄站',101100),('无花果','大兴黄村站',100032),('木瓜','北京南邵站',100080),('木瓜','北京武夷花园站',102200),('李','北京定福庄站',100043),('杏','北京交通大学站',100010),('杏','北京媒体村站',100032),('杏','北京海淀站',100010),('杏','北京苏庄站',102400),('杏','北京长子营站',100071),('杏','大兴黄村站',100032),('杏仁','北京阜通站',100080),('杨桃','北京天坛站',100032),('杨桃','北京榆垡站',102400),('杨桃','北京苏庄站',102400),('杨桃','北京邮电大学站',100010),('杨桃','昌平站',100020),('杨桃','石景山站',100071),('杨梅','东大桥站',100043),('杨梅','北京双树站',100020),('杨梅','北京李家巷站',102600),('杨梅','广渠门站',100071),('杨梅','张仪村站',100071),('松子','大钟寺站',100080),('板栗','北七家站',101100),('板栗','北京天坛站',100032),('枇杷','北京丰管路站',102400),('枇杷','北京太平家园站',100032),('枇杷','北京成寿寺站',102200),('枇杷','望京站',102300),('枣','北京交通大学站',100010),('枣','北京吉祥里站',100043),('枣','良乡站',102400),('柚子','八大处站',100071),('柚子','北京久敬庄站',102300),('柠檬','良乡站',102400),('柳丁','东坝站',100043),('柳丁','程庄路站',100071),('树莓','北京定福庄站',100043),('树莓','马驹桥站',101100),('核桃','亦庄站',100032),('核桃','北京南口站',100010),('核桃','北京高米店站',102600),('桂圆','中关村自提点',100010),('桃子','三路居站',102400),('桃子','大红门站',102300),('桔子','北京双树站',100020),('桔子','天桥站',100071),('梨','北京朝林自提点',100010),('梨','龙旺庄站',102600),('榛子','北京润泽站',101100),('榛子','北京长子营站',100071),('榴莲','门头沟站',102400),('槟榔','亦庄站',100032),('槟榔','北京建新庄站',102600),('槟榔','北京荣丰站',102200),('槟榔','西八里庄站',102400),('樱桃','云岗站',100071),('樱桃','北京保安庄站',101100),('樱桃','北京天坛站',100032),('樱桃','北京通惠家园站',100032),('樱桃','北京阜通站',100080),('橄榄','三路居站',102400),('橄榄','北京建新庄站',102600),('橄榄','北京理想城站',102300),('橄榄','大钟寺站',100080),('橘子','上庄站',102600),('橘子','北京太平家园站',100032),('橘子','大钟寺站',100080),('橘子','灯市口站',100043),('橙子','云岗站',100071),('橙子','六里桥站',100020),('橙子','北京时代之光站',100020),('橙子','北京潘家园站',102300),('橙子','北京长阳站',102300),('橙子','大兴黄村站',100032),('橙子','小鲁店站',102600),('海棠果','京东集团自提点',102600),('海棠果','北京高楼金站',100010),('海棠果','大钟寺站',100080),('海棠果','花家地站',100080),('猕猴桃','东大桥站',100043),('猕猴桃','北京吉祥里站',100043),('猕猴桃','北京太阳公元站',100043),('猕猴桃','北京工业大学站',100032),('猕猴桃','北京建新庄站',102600),('猕猴桃','大钟寺站',100080),('猕猴桃','新华街站',102300),('猕猴桃','沙河站',100020),('瓜类','北京榆垡站',102400),('瓜类','北京苏庄站',102400),('瓜类','北京邢各庄站',102600),('瓜类','菊园站',100080),('甜橙','亦庄站',100032),('甜橙','六里桥站',100020),('甜橙','北京航空航天大学站',100010),('甜橙','北京龙华园站',100020),('甜橙','房山城关站',100020),('石榴','北京吉祥里站',100043),('石榴','北京物流中心自提点',100010),('石榴','北京纪家庙站',100032),('石榴','大兴黄村站',100032),('腰果','北京成寿寺站',102200),('腰果','北京望花路站',100043),('腰果','北京物流中心自提点',100010),('芒果','北京榆垡站',102400),('芒果','小营站',100043),('芒果','龙旺庄站',102600),('苹果','北京成寿寺站',102200),('苹果','北京西苑自提点',100010),('草莓','北京太阳公元站',100043),('草莓','北京驼房营站',100080),('草莓','张仪村站',100071),('荔枝','北京朝林自提点',100010),('荔枝','航天城站',102200),('荔枝','龙旺庄站',102600),('葡萄','北京润泽站',101100),('葡萄柚','北七家站',101100),('葡萄柚','北京保安庄站',101100),('葡萄柚','北京南口站',100010),('葡萄柚','北京方庄站',102200),('葡萄柚','灯市口站',100043),('葡萄柚','航天城站',102200),('蒲桃','上庄站',102600),('蒲桃','北京阜通站',100080),('西瓜','北京长阳站',102300),('西瓜','天通苑站',100043),('西番莲','小营站',100043),('金桔','北京交通大学站',100010),('金桔','北京华英园站',100032),('金桔','北京时代之光站',100020),('金桔','望京站',102300),('金桔','西八里庄站',102400),('银杏','六里桥站',100020),('银杏','北京工业大学站',100032),('银杏','大红门站',102300),('银杏','望京站',102300),('银杏','温泉站',100020),('青梅','东坝站',100043),('青梅','北京海淀站',100010),('香瓜','北京物流中心自提点',100010),('香瓜','宣武站',100071),('香瓜','张仪村站',100071),('龙眼','北京邮电大学站',100010);
/*!40000 ALTER TABLE `onsale` ENABLE KEYS */;
UNLOCK TABLES;

--
-- Table structure for table `orders`
--

DROP TABLE IF EXISTS `orders`;
/*!40101 SET @saved_cs_client     = @@character_set_client */;
/*!40101 SET character_set_client = utf8 */;
CREATE TABLE `orders` (
  `delivery_code` varchar(16) NOT NULL,
  `customer_id` varchar(45) DEFAULT NULL,
  `delivery_name` varchar(45) DEFAULT NULL,
  `district_id` int(11) DEFAULT NULL,
  `time` datetime DEFAULT NULL,
  PRIMARY KEY (`delivery_code`),
  KEY `customer_id_o_idx` (`customer_id`),
  KEY `delivery_name_o_idx` (`delivery_name`),
  KEY `district_id_o_idx` (`district_id`),
  CONSTRAINT `customer_id_o` FOREIGN KEY (`customer_id`) REFERENCES `customer` (`customer_id`) ON DELETE NO ACTION ON UPDATE NO ACTION,
  CONSTRAINT `delivery_name_o` FOREIGN KEY (`delivery_name`) REFERENCES `delivery` (`delivery_name`) ON DELETE NO ACTION ON UPDATE NO ACTION,
  CONSTRAINT `district_id_o` FOREIGN KEY (`district_id`) REFERENCES `repository` (`district_id`) ON DELETE NO ACTION ON UPDATE NO ACTION
) ENGINE=InnoDB DEFAULT CHARSET=utf8;
/*!40101 SET character_set_client = @saved_cs_client */;

--
-- Dumping data for table `orders`
--

LOCK TABLES `orders` WRITE;
/*!40000 ALTER TABLE `orders` DISABLE KEYS */;
INSERT INTO `orders` VALUES ('052ca55f65ed49fb','c2','八大处站',100071,'2016-12-30 11:47:14'),('0c8426175c8ff86e','c4','马泉营站',100080,'2016-12-22 11:19:05'),('140b3f8a51edc422','c3','北京太平家园站',100032,'2016-11-30 11:16:14'),('2c80c597fda14396','c2','灯市口站',100043,'2016-11-19 11:14:44'),('2d2e9011f3a5aac1','顾家远','北京海淀站',100010,'2016-12-30 21:00:00'),('32e0a0c9c4f95b3f','c3','北京西苑自提点',100010,'2016-12-14 11:18:14'),('425f3a6a6f353f91','c4','张仪村站',100071,'2016-12-31 11:49:44'),('5da6ebc2d47c9c92','c4','北京邮电大学站',100010,'2016-12-31 11:50:30'),('616584588dc115a6','c2','云岗站',100071,'2016-12-31 11:13:58'),('69683171233b3927','c3','马驹桥站',101100,'2016-12-30 11:48:18'),('718befdc7b45d788','c1','北京交通大学站',100010,'2016-12-31 11:13:18'),('72c4dc05315c4a86','c2','门头沟站',102400,'2016-12-27 11:43:36'),('9086cb16c12f3932','ls','北京朝林自提点',100010,'2016-12-31 10:38:57'),('a84d3780193a0d1e','ls','东大桥站',100043,'2016-12-31 22:21:39'),('ab869f4d6c4fa8fc','c2','北京南口站',100010,'2016-12-27 11:43:36'),('b3ec5e2996b8e35a','c4','北京交通大学站',100010,'2016-12-31 11:49:44'),('b3ed82d0bed48676','ls','龙旺庄站',102600,'2016-12-31 22:21:39'),('c7a46728f6c7fdf2','c4','张仪村站',100071,'2016-12-25 11:19:35'),('cc0c58228fa89db9','ls','天通苑站',100043,'2016-12-31 22:21:39'),('d1005cdae591e401','c3','北京航空航天大学站',100010,'2016-12-31 11:48:51'),('da0dc22e632e319f','c2','北辰自提点',100010,'2016-12-30 11:44:47'),('dd373b6de5c50279','c2','北京西苑自提点',100010,'2016-12-27 11:44:26'),('decffc0dbf9109ce','c4','程庄路站',100071,'2016-12-31 11:49:44'),('edf6d157809cf5c3','c2','石景山站',100071,'2016-12-31 11:13:58'),('f7d9ce90d176f81b','c3','北京南口站',100010,'2016-11-30 11:16:58'),('f8745e8801194de8','顾家远','北京西苑自提点',100010,'2016-12-30 23:15:17'),('ff338811f9cab36f','c3','北京天坛站',100032,'2016-11-30 11:16:14');
/*!40000 ALTER TABLE `orders` ENABLE KEYS */;
UNLOCK TABLES;

--
-- Table structure for table `orders_have_product`
--

DROP TABLE IF EXISTS `orders_have_product`;
/*!40101 SET @saved_cs_client     = @@character_set_client */;
/*!40101 SET character_set_client = utf8 */;
CREATE TABLE `orders_have_product` (
  `delivery_code` varchar(16) NOT NULL,
  `product_name` varchar(45) NOT NULL,
  `price` float DEFAULT NULL,
  `quantity` int(11) DEFAULT NULL,
  `total` float DEFAULT NULL,
  PRIMARY KEY (`delivery_code`,`product_name`),
  KEY `product_name_op_idx` (`product_name`),
  CONSTRAINT `product_name_op` FOREIGN KEY (`product_name`) REFERENCES `product` (`product_name`) ON DELETE NO ACTION ON UPDATE NO ACTION
) ENGINE=InnoDB DEFAULT CHARSET=utf8;
/*!40101 SET character_set_client = @saved_cs_client */;

--
-- Dumping data for table `orders_have_product`
--

LOCK TABLES `orders_have_product` WRITE;
/*!40000 ALTER TABLE `orders_have_product` DISABLE KEYS */;
INSERT INTO `orders_have_product` VALUES ('052ca55f65ed49fb','开心果',9.6,1,10),('052ca55f65ed49fb','杨桃',13.3,3,40),('052ca55f65ed49fb','板栗',18.9,2,38),('052ca55f65ed49fb','柚子',0.2,1,0),('052ca55f65ed49fb','橘子',4.1,1,4),('0c8426175c8ff86e','哈密瓜',7.8,1,8),('0c8426175c8ff86e','李',5.1,3,15),('0c8426175c8ff86e','松子',10,1,10),('0c8426175c8ff86e','板栗',16.5,1,17),('0c8426175c8ff86e','榴莲',16.2,1,16),('0c8426175c8ff86e','槟榔',1.9,3,6),('140b3f8a51edc422','枇杷',0.2,2,0),('2c80c597fda14396','哈密瓜',7.8,1,8),('2c80c597fda14396','李',11.1,1,11),('2c80c597fda14396','枣',8.2,1,8),('2c80c597fda14396','柠檬',11.6,5,58),('2d2e9011f3a5aac1','哈密瓜',10,3,30),('32e0a0c9c4f95b3f','夏威夷果',0.2,1,0),('32e0a0c9c4f95b3f','杏',11.1,1,11),('32e0a0c9c4f95b3f','杏仁',15.4,1,15),('32e0a0c9c4f95b3f','枣',17.7,3,53),('32e0a0c9c4f95b3f','柑橘',17.7,3,53),('32e0a0c9c4f95b3f','树莓',4.1,3,12),('425f3a6a6f353f91','草莓',0.2,3,1),('5da6ebc2d47c9c92','李',14,4,56),('5da6ebc2d47c9c92','松子',15.8,4,63),('5da6ebc2d47c9c92','板栗',11,1,11),('5da6ebc2d47c9c92','枣',15.4,4,62),('5da6ebc2d47c9c92','柑橘',15.4,4,62),('5da6ebc2d47c9c92','树莓',4.8,4,19),('5da6ebc2d47c9c92','槟榔',14.4,4,58),('5da6ebc2d47c9c92','芒果',9.6,4,38),('5da6ebc2d47c9c92','银杏',9.9,4,40),('616584588dc115a6','夏威夷果',10,3,30),('616584588dc115a6','杏仁',17.7,5,89),('616584588dc115a6','松子',14.3,1,14),('616584588dc115a6','板栗',0.6,1,1),('69683171233b3927','杏仁',1.8,1,2),('69683171233b3927','杨梅',18,1,18),('69683171233b3927','桃子',4.8,1,5),('69683171233b3927','樱桃',0.5,1,1),('69683171233b3927','海棠果',1.9,1,2),('69683171233b3927','甜橙',9,5,45),('718befdc7b45d788','夏威夷果',10,4,40),('718befdc7b45d788','无花果',10,3,30),('718befdc7b45d788','杨桃',0.5,14,7),('718befdc7b45d788','杨梅',12,1,12),('72c4dc05315c4a86','枇杷',13.3,1,13),('72c4dc05315c4a86','柠檬',11.1,4,44),('72c4dc05315c4a86','树莓',9.2,2,18),('72c4dc05315c4a86','桂圆',17.3,1,17),('72c4dc05315c4a86','槟榔',17.7,3,53),('9086cb16c12f3932','人参果',0.6,4,2),('9086cb16c12f3932','哈密瓜',4.6,4,18),('9086cb16c12f3932','开心果',0.2,5,1),('a84d3780193a0d1e','开心果',0.2,5,1),('ab869f4d6c4fa8fc','夏威夷果',13.3,1,13),('ab869f4d6c4fa8fc','杏',8.5,1,9),('ab869f4d6c4fa8fc','杨桃',16.2,1,16),('ab869f4d6c4fa8fc','杨梅',6.3,1,6),('b3ec5e2996b8e35a','杏',0.2,1,0),('b3ec5e2996b8e35a','杨桃',0.5,1,1),('b3ec5e2996b8e35a','榛子',11.1,1,11),('b3ec5e2996b8e35a','腰果',9.2,3,28),('b3ec5e2996b8e35a','苹果',6.2,1,6),('b3ed82d0bed48676','芒果',0.2,5,1),('c7a46728f6c7fdf2','李',4.1,3,12),('c7a46728f6c7fdf2','杏',14.4,1,14),('c7a46728f6c7fdf2','板栗',10,3,30),('c7a46728f6c7fdf2','柠檬',9.9,1,10),('cc0c58228fa89db9','杏',15.8,15,237),('d1005cdae591e401','杏',14.4,1,14),('d1005cdae591e401','樱桃',5.1,1,5),('d1005cdae591e401','腰果',20,1,20),('d1005cdae591e401','西瓜',12,1,12),('d1005cdae591e401','青梅',6.2,1,6),('d1005cdae591e401','龙眼',11.6,1,12),('da0dc22e632e319f','李',1.8,1,2),('da0dc22e632e319f','杏',13.3,1,13),('da0dc22e632e319f','枇杷',14.5,10,145),('dd373b6de5c50279','板栗',17.3,3,52),('dd373b6de5c50279','柑橘',17.7,1,18),('dd373b6de5c50279','柠檬',7.8,1,8),('dd373b6de5c50279','树莓',4.1,3,12),('decffc0dbf9109ce','人参果',14.5,1,15),('decffc0dbf9109ce','杏仁',16.2,1,16),('decffc0dbf9109ce','杨梅',15.4,1,15),('decffc0dbf9109ce','柠檬',0.5,3,2),('decffc0dbf9109ce','树莓',11.6,2,23),('edf6d157809cf5c3','开心果',0.2,3,1),('f7d9ce90d176f81b','夏威夷果',13.3,1,13),('f7d9ce90d176f81b','李',16.2,1,16),('f7d9ce90d176f81b','杏',8.5,1,9),('f7d9ce90d176f81b','杨桃',16.2,1,16),('f7d9ce90d176f81b','板栗',15.4,1,15),('f7d9ce90d176f81b','桂圆',7.8,1,8),('f8745e8801194de8','哈密瓜',7.8,3,23),('f8745e8801194de8','苹果',0.2,6,1),('ff338811f9cab36f','杏',4.1,4,16),('ff338811f9cab36f','杏仁',6.3,4,25),('ff338811f9cab36f','枇杷',12,3,36),('ff338811f9cab36f','树莓',10,3,30),('ff338811f9cab36f','核桃',8.5,1,9);
/*!40000 ALTER TABLE `orders_have_product` ENABLE KEYS */;
UNLOCK TABLES;

--
-- Table structure for table `product`
--

DROP TABLE IF EXISTS `product`;
/*!40101 SET @saved_cs_client     = @@character_set_client */;
/*!40101 SET character_set_client = utf8 */;
CREATE TABLE `product` (
  `product_name` varchar(45) NOT NULL,
  `type` varchar(45) DEFAULT NULL,
  `unit` varchar(45) DEFAULT NULL,
  PRIMARY KEY (`product_name`)
) ENGINE=InnoDB DEFAULT CHARSET=utf8;
/*!40101 SET character_set_client = @saved_cs_client */;

--
-- Dumping data for table `product`
--

LOCK TABLES `product` WRITE;
/*!40000 ALTER TABLE `product` DISABLE KEYS */;
INSERT INTO `product` VALUES ('人参果','浆果类','kg'),('哈密瓜','瓜类','kg'),('夏威夷果','仁果类','kg'),('山楂','核果类','kg'),('开心果','仁果类','kg'),('无花果','浆果类','kg'),('李','核果类','kg'),('杏','核果类','kg'),('杏仁','仁果类','kg'),('杨桃','浆果类','kg'),('杨梅','核果类','kg'),('松子','仁果类','kg'),('板栗','仁果类','kg'),('枇杷','核果类','kg'),('枣','核果类','kg'),('柑橘','柑橘类','kg'),('柚子','核果类','kg'),('柠檬','柑橘类','kg'),('树莓','浆果类','kg'),('核桃','仁果类','kg'),('桂圆','核果类','kg'),('桃子','核果类','kg'),('梨','核果类','kg'),('榛子','仁果类','kg'),('榴莲','浆果类','kg'),('槟榔','核果类','kg'),('樱桃','核果类','kg'),('橘子','柑橘类','kg'),('海棠果','核果类','kg'),('猕猴桃','浆果类','kg'),('甜橙','柑橘类','kg'),('石榴','浆果类','kg'),('腰果','仁果类','kg'),('芒果','核果类','kg'),('苹果','核果类','kg'),('草莓','浆果类','kg'),('荔枝','核果类','kg'),('蟠桃','浆果类','kg'),('西瓜','瓜类','kg'),('金桔','核果类','kg'),('银杏','仁果类','kg'),('青梅','核果类','kg'),('香瓜','瓜类','kg'),('龙眼','核果类','kg'),('﻿葡萄','浆果类  kg',NULL);
/*!40000 ALTER TABLE `product` ENABLE KEYS */;
UNLOCK TABLES;

--
-- Table structure for table `recommend`
--

DROP TABLE IF EXISTS `recommend`;
/*!40101 SET @saved_cs_client     = @@character_set_client */;
/*!40101 SET character_set_client = utf8 */;
CREATE TABLE `recommend` (
  `customer_id` varchar(45) NOT NULL,
  PRIMARY KEY (`customer_id`)
) ENGINE=InnoDB DEFAULT CHARSET=utf8;
/*!40101 SET character_set_client = @saved_cs_client */;

--
-- Dumping data for table `recommend`
--

LOCK TABLES `recommend` WRITE;
/*!40000 ALTER TABLE `recommend` DISABLE KEYS */;
INSERT INTO `recommend` VALUES ('c2'),('c5'),('c7'),('c8');
/*!40000 ALTER TABLE `recommend` ENABLE KEYS */;
UNLOCK TABLES;

--
-- Table structure for table `repository`
--

DROP TABLE IF EXISTS `repository`;
/*!40101 SET @saved_cs_client     = @@character_set_client */;
/*!40101 SET character_set_client = utf8 */;
CREATE TABLE `repository` (
  `district_id` int(11) NOT NULL,
  `district_name` varchar(45) NOT NULL,
  PRIMARY KEY (`district_id`)
) ENGINE=InnoDB DEFAULT CHARSET=utf8;
/*!40101 SET character_set_client = @saved_cs_client */;

--
-- Dumping data for table `repository`
--

LOCK TABLES `repository` WRITE;
/*!40000 ALTER TABLE `repository` DISABLE KEYS */;
INSERT INTO `repository` VALUES (100010,'东城区'),(100020,'朝阳区'),(100032,'西城区'),(100043,'石景山区'),(100071,'丰台区'),(100080,'海淀区'),(101100,'通州区'),(102200,'昌平区'),(102300,'门头沟区'),(102400,'房山区'),(102600,'大兴区');
/*!40000 ALTER TABLE `repository` ENABLE KEYS */;
UNLOCK TABLES;

--
-- Table structure for table `repository_have_product`
--

DROP TABLE IF EXISTS `repository_have_product`;
/*!40101 SET @saved_cs_client     = @@character_set_client */;
/*!40101 SET character_set_client = utf8 */;
CREATE TABLE `repository_have_product` (
  `district_id` int(11) NOT NULL,
  `product_name` varchar(45) NOT NULL,
  `amount` int(11) DEFAULT NULL,
  KEY `product_name_rp_idx` (`product_name`),
  KEY `district_id_idx` (`district_id`),
  CONSTRAINT `district_id_rp` FOREIGN KEY (`district_id`) REFERENCES `repository` (`district_id`),
  CONSTRAINT `product_name_rp` FOREIGN KEY (`product_name`) REFERENCES `product` (`product_name`)
) ENGINE=InnoDB DEFAULT CHARSET=utf8;
/*!40101 SET character_set_client = @saved_cs_client */;

--
-- Dumping data for table `repository_have_product`
--

LOCK TABLES `repository_have_product` WRITE;
/*!40000 ALTER TABLE `repository_have_product` DISABLE KEYS */;
INSERT INTO `repository_have_product` VALUES (0,'葡萄',51),(100010,'猕猴桃',108),(100010,'草莓',105),(100010,'树莓',86),(100010,'无花果',79),(100010,'石榴',85),(100010,'杨桃',98),(100010,'人参果',80),(100010,'木瓜',117),(100010,'石榴',100),(100010,'蒲桃',71),(100010,'西番莲',52),(100010,'芒果',64),(100010,'榴莲',111),(100010,'苹果',87),(100010,'杏',54),(100010,'槟榔',98),(100010,'海棠果',104),(100010,'樱桃',53),(100010,'金桔',105),(100010,'李',98),(100010,'梨',73),(100010,'荔枝',82),(100010,'桂圆',87),(100010,'龙眼',71),(100010,'枇杷',70),(100010,'葡萄',89),(100010,'青梅',112),(100010,'山楂果',52),(100010,'枣',119),(100010,'桃子',114),(100010,'柚子',104),(100010,'杨梅',72),(100010,'瓜类',66),(100010,'橄榄',113),(100010,'杏仁',62),(100010,'腰果',118),(100010,'榛子',117),(100010,'核桃',107),(100010,'松子',87),(100010,'板栗',117),(100010,'银杏',51),(100010,'开心果',85),(100010,'夏威夷果',66),(100010,'柠檬',111),(100010,'柑橘',84),(100010,'柚子',66),(100010,'橘子',51),(100010,'橙子',70),(100010,'甜橙',110),(100010,'柳丁',119),(100010,'葡萄柚',57),(100010,'柑桔',112),(100010,'桔子',77),(100010,'西瓜',52),(100010,'香瓜',70),(100010,'哈密瓜',109),(100032,'葡萄',85),(100032,'猕猴桃',63),(100032,'草莓',97),(100032,'树莓',74),(100032,'无花果',88),(100032,'石榴',110),(100032,'杨桃',107),(100032,'人参果',90),(100032,'木瓜',61),(100032,'石榴',72),(100032,'蒲桃',116),(100032,'西番莲',51),(100032,'芒果',111),(100032,'榴莲',62),(100032,'苹果',101),(100032,'杏',100),(100032,'槟榔',102),(100032,'海棠果',67),(100032,'樱桃',89),(100032,'金桔',107),(100032,'李',70),(100032,'梨',75),(100032,'荔枝',54),(100032,'桂圆',52),(100032,'龙眼',88),(100032,'枇杷',80),(100032,'葡萄',111),(100032,'青梅',52),(100032,'山楂果',107),(100032,'枣',97),(100032,'桃子',118),(100032,'柚子',102),(100032,'杨梅',73),(100032,'瓜类',94),(100032,'橄榄',69),(100032,'杏仁',78),(100032,'腰果',108),(100032,'榛子',50),(100032,'核桃',88),(100032,'松子',95),(100032,'板栗',76),(100032,'银杏',66),(100032,'开心果',113),(100032,'夏威夷果',102),(100032,'柠檬',66),(100032,'柑橘',115),(100032,'柚子',91),(100032,'橘子',71),(100032,'橙子',70),(100032,'甜橙',111),(100032,'柳丁',112),(100032,'葡萄柚',95),(100032,'柑桔',91),(100032,'桔子',54),(100032,'西瓜',80),(100032,'香瓜',94),(100032,'哈密瓜',109),(100020,'葡萄',108),(100020,'猕猴桃',88),(100020,'草莓',93),(100020,'树莓',51),(100020,'无花果',97),(100020,'石榴',81),(100020,'杨桃',53),(100020,'人参果',120),(100020,'木瓜',114),(100020,'石榴',101),(100020,'蒲桃',104),(100020,'西番莲',78),(100020,'芒果',87),(100020,'榴莲',101),(100020,'苹果',103),(100020,'杏',79),(100020,'槟榔',60),(100020,'海棠果',51),(100020,'樱桃',116),(100020,'金桔',60),(100020,'李',80),(100020,'梨',109),(100020,'荔枝',109),(100020,'桂圆',65),(100020,'龙眼',58),(100020,'枇杷',91),(100020,'葡萄',63),(100020,'青梅',71),(100020,'山楂果',74),(100020,'枣',63),(100020,'桃子',72),(100020,'柚子',70),(100020,'杨梅',112),(100020,'瓜类',92),(100020,'橄榄',59),(100020,'杏仁',64),(100020,'腰果',91),(100020,'榛子',80),(100020,'核桃',85),(100020,'松子',69),(100020,'板栗',58),(100020,'银杏',93),(100020,'开心果',90),(100020,'夏威夷果',120),(100020,'柠檬',63),(100020,'柑橘',70),(100020,'柚子',52),(100020,'橘子',90),(100020,'橙子',60),(100020,'甜橙',110),(100020,'柳丁',64),(100020,'葡萄柚',78),(100020,'柑桔',58),(100020,'桔子',83),(100020,'西瓜',93),(100020,'香瓜',61),(100020,'哈密瓜',90),(100071,'葡萄',69),(100071,'猕猴桃',75),(100071,'草莓',77),(100071,'树莓',54),(100071,'无花果',89),(100071,'石榴',116),(100071,'杨桃',116),(100071,'人参果',83),(100071,'木瓜',101),(100071,'石榴',63),(100071,'蒲桃',74),(100071,'西番莲',99),(100071,'芒果',53),(100071,'榴莲',64),(100071,'苹果',109),(100071,'杏',120),(100071,'槟榔',64),(100071,'海棠果',98),(100071,'樱桃',117),(100071,'金桔',118),(100071,'李',112),(100071,'梨',102),(100071,'荔枝',73),(100071,'桂圆',80),(100071,'龙眼',77),(100071,'枇杷',115),(100071,'葡萄',116),(100071,'青梅',108),(100071,'山楂果',80),(100071,'枣',84),(100071,'桃子',56),(100071,'柚子',71),(100071,'杨梅',68),(100071,'瓜类',104),(100071,'橄榄',99),(100071,'杏仁',62),(100071,'腰果',102),(100071,'榛子',52),(100071,'核桃',95),(100071,'松子',96),(100071,'板栗',114),(100071,'银杏',91),(100071,'开心果',91),(100071,'夏威夷果',98),(100071,'柠檬',87),(100071,'柑橘',59),(100071,'柚子',77),(100071,'橘子',62),(100071,'橙子',82),(100071,'甜橙',117),(100071,'柳丁',96),(100071,'葡萄柚',90),(100071,'柑桔',105),(100071,'桔子',118),(100071,'西瓜',120),(100071,'香瓜',53),(100071,'哈密瓜',64),(100043,'葡萄',63),(100043,'猕猴桃',74),(100043,'草莓',51),(100043,'树莓',57),(100043,'无花果',71),(100043,'石榴',112),(100043,'杨桃',72),(100043,'人参果',109),(100043,'木瓜',73),(100043,'石榴',58),(100043,'蒲桃',91),(100043,'西番莲',81),(100043,'芒果',74),(100043,'榴莲',50),(100043,'苹果',59),(100043,'杏',108),(100043,'槟榔',82),(100043,'海棠果',79),(100043,'樱桃',54),(100043,'金桔',63),(100043,'李',69),(100043,'梨',82),(100043,'荔枝',91),(100043,'桂圆',111),(100043,'龙眼',90),(100043,'枇杷',89),(100043,'葡萄',87),(100043,'青梅',69),(100043,'山楂果',93),(100043,'枣',81),(100043,'桃子',52),(100043,'柚子',92),(100043,'杨梅',65),(100043,'瓜类',89),(100043,'橄榄',102),(100043,'杏仁',99),(100043,'腰果',116),(100043,'榛子',58),(100043,'核桃',118),(100043,'松子',75),(100043,'板栗',115),(100043,'银杏',82),(100043,'开心果',99),(100043,'夏威夷果',57),(100043,'柠檬',91),(100043,'柑橘',52),(100043,'柚子',95),(100043,'橘子',70),(100043,'橙子',95),(100043,'甜橙',107),(100043,'柳丁',61),(100043,'葡萄柚',77),(100043,'柑桔',118),(100043,'桔子',58),(100043,'西瓜',74),(100043,'香瓜',66),(100043,'哈密瓜',66),(100080,'葡萄',61),(100080,'猕猴桃',76),(100080,'草莓',88),(100080,'树莓',81),(100080,'无花果',92),(100080,'石榴',109),(100080,'杨桃',92),(100080,'人参果',87),(100080,'木瓜',62),(100080,'石榴',99),(100080,'蒲桃',73),(100080,'西番莲',79),(100080,'芒果',104),(100080,'榴莲',69),(100080,'苹果',93),(100080,'杏',110),(100080,'槟榔',50),(100080,'海棠果',91),(100080,'樱桃',110),(100080,'金桔',78),(100080,'李',77),(100080,'梨',89),(100080,'荔枝',91),(100080,'桂圆',72),(100080,'龙眼',92),(100080,'枇杷',53),(100080,'葡萄',86),(100080,'青梅',88),(100080,'山楂果',88),(100080,'枣',78),(100080,'桃子',61),(100080,'柚子',51),(100080,'杨梅',114),(100080,'瓜类',50),(100080,'橄榄',115),(100080,'杏仁',109),(100080,'腰果',68),(100080,'榛子',86),(100080,'核桃',108),(100080,'松子',72),(100080,'板栗',84),(100080,'银杏',116),(100080,'开心果',99),(100080,'夏威夷果',113),(100080,'柠檬',111),(100080,'柑橘',75),(100080,'柚子',118),(100080,'橘子',110),(100080,'橙子',88),(100080,'甜橙',85),(100080,'柳丁',103),(100080,'葡萄柚',73),(100080,'柑桔',72),(100080,'桔子',80),(100080,'西瓜',117),(100080,'香瓜',84),(100080,'哈密瓜',60),(102300,'葡萄',106),(102300,'猕猴桃',81),(102300,'草莓',114),(102300,'树莓',107),(102300,'无花果',57),(102300,'石榴',114),(102300,'杨桃',66),(102300,'人参果',99),(102300,'木瓜',72),(102300,'石榴',106),(102300,'蒲桃',117),(102300,'西番莲',64),(102300,'芒果',114),(102300,'榴莲',110),(102300,'苹果',67),(102300,'杏',108),(102300,'槟榔',60),(102300,'海棠果',110),(102300,'樱桃',60),(102300,'金桔',75),(102300,'李',80),(102300,'梨',105),(102300,'荔枝',89),(102300,'桂圆',109),(102300,'龙眼',116),(102300,'枇杷',105),(102300,'葡萄',108),(102300,'青梅',108),(102300,'山楂果',79),(102300,'枣',115),(102300,'桃子',66),(102300,'柚子',100),(102300,'杨梅',86),(102300,'瓜类',100),(102300,'橄榄',64),(102300,'杏仁',86),(102300,'腰果',114),(102300,'榛子',118),(102300,'核桃',86),(102300,'松子',79),(102300,'板栗',71),(102300,'银杏',55),(102300,'开心果',94),(102300,'夏威夷果',71),(102300,'柠檬',120),(102300,'柑橘',102),(102300,'柚子',96),(102300,'橘子',97),(102300,'橙子',88),(102300,'甜橙',89),(102300,'柳丁',111),(102300,'葡萄柚',108),(102300,'柑桔',118),(102300,'桔子',120),(102300,'西瓜',96),(102300,'香瓜',91),(102300,'哈密瓜',106),(102400,'葡萄',118),(102400,'猕猴桃',105),(102400,'草莓',62),(102400,'树莓',112),(102400,'无花果',78),(102400,'石榴',83),(102400,'杨桃',84),(102400,'人参果',57),(102400,'木瓜',118),(102400,'石榴',82),(102400,'蒲桃',81),(102400,'西番莲',98),(102400,'芒果',87),(102400,'榴莲',54),(102400,'苹果',115),(102400,'杏',105),(102400,'槟榔',64),(102400,'海棠果',116),(102400,'樱桃',100),(102400,'金桔',53),(102400,'李',51),(102400,'梨',90),(102400,'荔枝',89),(102400,'桂圆',60),(102400,'龙眼',66),(102400,'枇杷',97),(102400,'葡萄',71),(102400,'青梅',84),(102400,'山楂果',67),(102400,'枣',95),(102400,'桃子',88),(102400,'柚子',98),(102400,'杨梅',82),(102400,'瓜类',53),(102400,'橄榄',66),(102400,'杏仁',72),(102400,'腰果',73),(102400,'榛子',56),(102400,'核桃',55),(102400,'松子',75),(102400,'板栗',72),(102400,'银杏',101),(102400,'开心果',67),(102400,'夏威夷果',103),(102400,'柠檬',53),(102400,'柑橘',77),(102400,'柚子',57),(102400,'橘子',120),(102400,'橙子',62),(102400,'甜橙',53),(102400,'柳丁',70),(102400,'葡萄柚',105),(102400,'柑桔',93),(102400,'桔子',111),(102400,'西瓜',90),(102400,'香瓜',112),(102400,'哈密瓜',97),(101100,'葡萄',73),(101100,'猕猴桃',53),(101100,'草莓',91),(101100,'树莓',115),(101100,'无花果',58),(101100,'石榴',106),(101100,'杨桃',63),(101100,'人参果',52),(101100,'木瓜',78),(101100,'石榴',118),(101100,'蒲桃',106),(101100,'西番莲',98),(101100,'芒果',91),(101100,'榴莲',74),(101100,'苹果',114),(101100,'杏',79),(101100,'槟榔',87),(101100,'海棠果',69),(101100,'樱桃',90),(101100,'金桔',110),(101100,'李',72),(101100,'梨',92),(101100,'荔枝',79),(101100,'桂圆',72),(101100,'龙眼',53),(101100,'枇杷',84),(101100,'葡萄',100),(101100,'青梅',75),(101100,'山楂果',70),(101100,'枣',115),(101100,'桃子',82),(101100,'柚子',95),(101100,'杨梅',109),(101100,'瓜类',107),(101100,'橄榄',55),(101100,'杏仁',102),(101100,'腰果',55),(101100,'榛子',105),(101100,'核桃',91),(101100,'松子',58),(101100,'板栗',67),(101100,'银杏',96),(101100,'开心果',57),(101100,'夏威夷果',95),(101100,'柠檬',55),(101100,'柑橘',55),(101100,'柚子',85),(101100,'橘子',64),(101100,'橙子',115),(101100,'甜橙',61),(101100,'柳丁',100),(101100,'葡萄柚',86),(101100,'柑桔',77),(101100,'桔子',96),(101100,'西瓜',74),(101100,'香瓜',78),(101100,'哈密瓜',62),(102200,'葡萄',66),(102200,'猕猴桃',111),(102200,'草莓',58),(102200,'树莓',65),(102200,'无花果',120),(102200,'石榴',87),(102200,'杨桃',72),(102200,'人参果',104),(102200,'木瓜',105),(102200,'石榴',94),(102200,'蒲桃',67),(102200,'西番莲',92),(102200,'芒果',70),(102200,'榴莲',90),(102200,'苹果',101),(102200,'杏',104),(102200,'槟榔',68),(102200,'海棠果',77),(102200,'樱桃',92),(102200,'金桔',102),(102200,'李',115),(102200,'梨',115),(102200,'荔枝',72),(102200,'桂圆',68),(102200,'龙眼',113),(102200,'枇杷',85),(102200,'葡萄',107),(102200,'青梅',51),(102200,'山楂果',83),(102200,'枣',69),(102200,'桃子',110),(102200,'柚子',54),(102200,'杨梅',53),(102200,'瓜类',112),(102200,'橄榄',115),(102200,'杏仁',100),(102200,'腰果',59),(102200,'榛子',115),(102200,'核桃',100),(102200,'松子',80),(102200,'板栗',71),(102200,'银杏',98),(102200,'开心果',58),(102200,'夏威夷果',117),(102200,'柠檬',113),(102200,'柑橘',79),(102200,'柚子',114),(102200,'橘子',99),(102200,'橙子',102),(102200,'甜橙',106),(102200,'柳丁',102),(102200,'葡萄柚',100),(102200,'柑桔',101),(102200,'桔子',101),(102200,'西瓜',74),(102200,'香瓜',92),(102200,'哈密瓜',85),(102600,'葡萄',120),(102600,'猕猴桃',91),(102600,'草莓',111),(102600,'树莓',116),(102600,'无花果',75),(102600,'石榴',73),(102600,'杨桃',64),(102600,'人参果',76),(102600,'木瓜',66),(102600,'石榴',97),(102600,'蒲桃',80),(102600,'西番莲',76),(102600,'芒果',90),(102600,'榴莲',52),(102600,'苹果',112),(102600,'杏',86),(102600,'槟榔',72),(102600,'海棠果',104),(102600,'樱桃',71),(102600,'金桔',75),(102600,'李',113),(102600,'梨',88),(102600,'荔枝',85),(102600,'桂圆',110),(102600,'龙眼',117),(102600,'枇杷',86),(102600,'葡萄',78),(102600,'青梅',82),(102600,'山楂果',82),(102600,'枣',51),(102600,'桃子',110),(102600,'柚子',95),(102600,'杨梅',76),(102600,'瓜类',91),(102600,'橄榄',78),(102600,'杏仁',55),(102600,'腰果',72),(102600,'榛子',50),(102600,'核桃',93),(102600,'松子',79),(102600,'板栗',76),(102600,'银杏',116),(102600,'开心果',115),(102600,'夏威夷果',82),(102600,'柠檬',109),(102600,'柑橘',80),(102600,'柚子',110),(102600,'橘子',81),(102600,'橙子',95),(102600,'甜橙',93),(102600,'柳丁',64),(102600,'葡萄柚',107),(102600,'柑桔',74),(102600,'桔子',82),(102600,'西瓜',62),(102600,'香瓜',101),(102600,'哈密瓜',77);
/*!40000 ALTER TABLE `repository_have_product` ENABLE KEYS */;
UNLOCK TABLES;

--
-- Temporary view structure for view `t`
--

DROP TABLE IF EXISTS `t`;
/*!50001 DROP VIEW IF EXISTS `t`*/;
SET @saved_cs_client     = @@character_set_client;
SET character_set_client = utf8;
/*!50001 CREATE VIEW `t` AS SELECT 
 1 AS `product_name`,
 1 AS `district_name`,
 1 AS `sum_total`*/;
SET character_set_client = @saved_cs_client;

--
-- Table structure for table `user`
--

DROP TABLE IF EXISTS `user`;
/*!40101 SET @saved_cs_client     = @@character_set_client */;
/*!40101 SET character_set_client = utf8 */;
CREATE TABLE `user` (
  `username` varchar(45) NOT NULL,
  `password` varchar(45) DEFAULT NULL,
  `type` varchar(45) DEFAULT NULL,
  PRIMARY KEY (`username`)
) ENGINE=InnoDB DEFAULT CHARSET=utf8;
/*!40101 SET character_set_client = @saved_cs_client */;

--
-- Dumping data for table `user`
--

LOCK TABLES `user` WRITE;
/*!40000 ALTER TABLE `user` DISABLE KEYS */;
INSERT INTO `user` VALUES ('admin','admin','ADMIN'),('c1','c1','CUSTOMER'),('c2','c2','CUSTOMER'),('c3','c3','CUSTOMER'),('c4','c4','CUSTOMER'),('c5','c5','CUSTOMER'),('c6','c6','CUSTOMER'),('c7','c7','CUSTOMER'),('c8','c8','CUSTOMER'),('dbs2','dbs2','CUSTOMER'),('dzq','dzq','DELIVERER'),('ls','ls','CUSTOMER'),('visitor','visitor','VISITOR'),('顾家远','victory','CUSTOMER');
/*!40000 ALTER TABLE `user` ENABLE KEYS */;
UNLOCK TABLES;

--
-- Final view structure for view `o`
--

/*!50001 DROP VIEW IF EXISTS `o`*/;
/*!50001 SET @saved_cs_client          = @@character_set_client */;
/*!50001 SET @saved_cs_results         = @@character_set_results */;
/*!50001 SET @saved_col_connection     = @@collation_connection */;
/*!50001 SET character_set_client      = utf8 */;
/*!50001 SET character_set_results     = utf8 */;
/*!50001 SET collation_connection      = utf8_general_ci */;
/*!50001 CREATE ALGORITHM=UNDEFINED */
/*!50013 DEFINER=`root`@`localhost` SQL SECURITY DEFINER */
/*!50001 VIEW `o` AS select `orders`.`delivery_code` AS `delivery_code`,`orders`.`customer_id` AS `customer_id`,`orders_have_product`.`product_name` AS `product_name`,`orders_have_product`.`total` AS `total` from (`orders` join `orders_have_product` on((`orders`.`delivery_code` = `orders_have_product`.`delivery_code`))) */;
/*!50001 SET character_set_client      = @saved_cs_client */;
/*!50001 SET character_set_results     = @saved_cs_results */;
/*!50001 SET collation_connection      = @saved_col_connection */;

--
-- Final view structure for view `t`
--

/*!50001 DROP VIEW IF EXISTS `t`*/;
/*!50001 SET @saved_cs_client          = @@character_set_client */;
/*!50001 SET @saved_cs_results         = @@character_set_results */;
/*!50001 SET @saved_col_connection     = @@collation_connection */;
/*!50001 SET character_set_client      = utf8 */;
/*!50001 SET character_set_results     = utf8 */;
/*!50001 SET collation_connection      = utf8_general_ci */;
/*!50001 CREATE ALGORITHM=UNDEFINED */
/*!50013 DEFINER=`root`@`localhost` SQL SECURITY DEFINER */
/*!50001 VIEW `t` AS (select `orders_have_product`.`product_name` AS `product_name`,`repository`.`district_name` AS `district_name`,sum(`orders_have_product`.`total`) AS `sum_total` from ((`orders` join `orders_have_product` on((`orders`.`delivery_code` = `orders_have_product`.`delivery_code`))) join `repository` on((`orders`.`district_id` = `repository`.`district_id`))) group by `orders_have_product`.`product_name`,`repository`.`district_name`) */;
/*!50001 SET character_set_client      = @saved_cs_client */;
/*!50001 SET character_set_results     = @saved_cs_results */;
/*!50001 SET collation_connection      = @saved_col_connection */;
/*!40103 SET TIME_ZONE=@OLD_TIME_ZONE */;

/*!40101 SET SQL_MODE=@OLD_SQL_MODE */;
/*!40014 SET FOREIGN_KEY_CHECKS=@OLD_FOREIGN_KEY_CHECKS */;
/*!40014 SET UNIQUE_CHECKS=@OLD_UNIQUE_CHECKS */;
/*!40101 SET CHARACTER_SET_CLIENT=@OLD_CHARACTER_SET_CLIENT */;
/*!40101 SET CHARACTER_SET_RESULTS=@OLD_CHARACTER_SET_RESULTS */;
/*!40101 SET COLLATION_CONNECTION=@OLD_COLLATION_CONNECTION */;
/*!40111 SET SQL_NOTES=@OLD_SQL_NOTES */;

-- Dump completed on 2016-12-31 22:24:20
